รูปเเบบการประเมิน ใช้สำหรับกำหนดระดับของนักเรียนว่าทำได้ถึงขั้นไหน (Problems),,,,,,,,
1.Bloom’s Taxonomy ฉบับปรับปรุง (Revised Bloom’s Taxonomy) มี 6 ระดับ เรียงจากทักษะคิดระดับต่ำ → สูง,,,,,,,,
ระดับ,English,คำอธิบาย,ตัวอย่างพฤติกรรม (Keywords),,,,,
1. จำ,Remember,สามารถเรียกคืนข้อมูล ข้อเท็จจริง คำศัพท์ หรือความรู้ที่เคยเรียนมา,"บอก, ระบุ, จำแนก, ท่องจำ, นิยาม",,,,,
2. เข้าใจ,Understand,สามารถอธิบายความหมาย ตีความ หรือเชื่อมโยงสิ่งที่เรียนได้,"อธิบาย, สรุป, เปรียบเทียบ, ยกตัวอย่าง, แปลความ",,,,,
3. ประยุกต์ใช้,Apply,สามารถนำความรู้หรือวิธีการที่เรียนไปใช้กับสถานการณ์หรือปัญหาใหม่,"คำนวณ, ใช้สูตร, ใช้วิธีการ, แก้ปัญหา",,,,,
4. วิเคราะห์,Analyze,สามารถแยกข้อมูลออกเป็นส่วน ๆ และพิจารณาความสัมพันธ์หรือโครงสร้างของข้อมูล,"จำแนกส่วนประกอบ, หาความสัมพันธ์, เปรียบเทียบหลักฐาน, วิเคราะห์สาเหตุ",,,,,
5. ประเมิน,Evaluate,สามารถตัดสินคุณค่า ความถูกต้อง หรือความเหมาะสม โดยใช้เกณฑ์หรือหลักฐาน,"ตรวจสอบ, วิจารณ์, ให้เหตุผล, ตัดสิน, ประเมินหลักฐาน",,,,,
6. การสร้างสรรค์,Create,สามารถนำความรู้และองค์ประกอบต่าง ๆ มาผสมผสานเพื่อสร้างแนวคิด วิธีการ หรือผลงานใหม่,"ออกแบบ, สร้าง, วางแผน, เสนอแนวทาง, สร้างสมมติฐาน",,,,,
,,,,,,,,
2.DOK (Depth of Knowledge) ของ Webb มี 4 ระดับ โดยจุดสำคัญคือ DOK วัด “ความลึกของการใช้ความรู้/กระบวนการคิด”,,,,,,,,
ระดับ,ชื่อ,คำอธิบาย,Keywords / พฤติกรรมที่มักพบ,ตัวอย่างคำสั่ง,,,,
DOK 1,Recall & Reproduction,เรียกคืนข้อมูล ข้อเท็จจริง สูตร คำศัพท์ หรือทำขั้นตอนที่คุ้นเคยตามที่เรียนมา,"จำ, ระบุ, บอก, เรียกชื่อ, จับคู่, อ่านค่า, คำนวณตรง ๆ","ระบุ, บอก, เรียกชื่อ, อ่านค่า, คำนวณ",,,,
DOK 2,Skills & Concepts,ต้องใช้ความรู้/ทักษะเพื่อจัดการข้อมูล เปรียบเทียบ จำแนก หรือทำตามกระบวนการที่มีมากกว่าหนึ่งขั้น,"จำแนก, เปรียบเทียบ, จัดกลุ่ม, เชื่อมโยง, สรุป, อธิบายความสัมพันธ์, ใช้ข้อมูล","เปรียบเทียบ, จำแนก, จัดประเภท, อธิบาย, สรุปจากข้อมูล",,,,
DOK 3,Strategic Thinking,ต้องใช้การให้เหตุผล วิเคราะห์หลักฐาน วางแผน หรือเลือกวิธีการที่เหมาะสม โดยไม่มีวิธีทำที่ตรงไปตรงมาเพียงวิธีเดียว,"วิเคราะห์, ให้เหตุผล, ประเมินหลักฐาน, อ้างอิงหลักฐาน, อธิบายเชิงเหตุผล, ตั้งสมมติฐาน, วางแผน, เลือกวิธีการ","วิเคราะห์, อธิบายโดยใช้หลักฐาน, ประเมิน, ให้เหตุผล, ตั้งสมมติฐาน, ออกแบบการทดลอง",,,,
DOK 4,Extended Thinking,ต้องใช้การคิดอย่างต่อเนื่องและบูรณาการความรู้หลายส่วน อาจต้องวิเคราะห์ข้อมูลหลายชุด วางแผน ดำเนินการ และสร้างข้อสรุป,"บูรณาการ, สืบเสาะ, ออกแบบและดำเนินการ, วิเคราะห์หลายแหล่ง, สร้างแบบจำลอง, แก้ปัญหาจริง, สังเคราะห์","ออกแบบการสืบเสาะ, สังเคราะห์ข้อมูล, สร้างแบบจำลอง, แก้ปัญหา, เสนอแนวทาง",,,,
,,,,,,,,
3.PISA/OECD-aligned Science Skill Taxonomy,,,,,,,,
4 Domain ใหญ่,skills,ความหมายสำหรับวิเคราะห์ผู้เรียน,,,,,,
A. Explain Phenomena Scientifically — 5 skills,1.Identify / recall scientific knowledge,ระบุหรือเรียกใช้ความรู้วิทยาศาสตร์ที่เกี่ยวข้อง,,,,,,
,2.Apply scientific knowledge,นำความรู้ไปใช้กับสถานการณ์/ปัญหา,,,,,,
,3.Explain scientifically,อธิบายปรากฏการณ์ด้วยหลักการทางวิทยาศาสตร์,,,,,,
,4.Generate / evaluate hypotheses & predictions,ตั้งสมมติฐาน คาดการณ์ และพิจารณาความสมเหตุสมผล,,,,,,
,5.Use / construct / evaluate models & representations,ใช้ สร้าง หรือประเมินแบบจำลอง/representation,,,,,,
B. Scientific Enquiry — 5 skills,1.Identify scientific questions,ระบุคำถามที่สามารถตรวจสอบทางวิทยาศาสตร์ได้,,,,,,
,2.Identify variables,ระบุตัวแปรที่เกี่ยวข้อง,,,,,,
,3.Design scientific investigation,ออกแบบการสืบเสาะ/การทดลอง,,,,,,
,4.Evaluate investigation design,ประเมินว่าการออกแบบเหมาะสมหรือไม่,,,,,,
,5.Evaluate reliability / validity of investigation,ประเมินความน่าเชื่อถือ ความถูกต้อง และข้อจำกัดของการสืบเสาะ,,,,,,
C. Data & Evidence — 6 skills,1.Read data representations,อ่านตาราง กราฟ แผนภาพ,,,,,,
,2.Transform / translate representations,เปลี่ยนข้อมูลจากรูปแบบหนึ่งไปอีกแบบ,,,,,,
,3.Interpret data,ตีความความหมายของข้อมูล,,,,,,
,4.Identify patterns / relationships,มองหาแนวโน้ม รูปแบบ ความสัมพันธ์,,,,,,
,5.Draw scientific conclusions,สร้างข้อสรุปจากข้อมูล/หลักฐาน,,,,,,
,6.Evaluate evidence & conclusions,ตรวจว่าหลักฐานเพียงพอและสนับสนุนข้อสรุปหรือไม่,,,,,,
"D. Scientific Information, Argument & Decision — 5 skills",1.Identify relevant information,ค้นหา/เลือกข้อมูลที่เกี่ยวข้อง,,,,,,
,2.Compare sources / claims,เปรียบเทียบข้อมูล แหล่งข้อมูล หรือข้อกล่าวอ้าง,,,,,,
,3.Evaluate credibility / evidence,ประเมินความน่าเชื่อถือของแหล่งข้อมูล/หลักฐาน,,,,,,
,4.Evaluate scientific arguments,"วิเคราะห์เหตุผล จุดอ่อน assumption, correlation/causation",,,,,,
,5.Make evidence-based decisions,ใช้หลักฐานทางวิทยาศาสตร์ประกอบการตัดสินใจ,,,,,,
,,,,,,,,
รูปเเบบการจัดการเรียนการสอน ใช้สำหรับออกเเบบเเผนการสอน (Solutions),,,,,,,,
เเบ่งเป็น 4 ประเภท,ประเภทใหญ่,Specific type / Model (Show),ประเภทย่อย 34 ตัว (Recommend),จุดเด่น / ใช้เมื่อ ,(Keywords),(MATCH ฺBLOOM MAIN) ,(MATCH ฺBLOOM SUB) ,เหตผลในการ match
1. Pedagogical Model Database : จะจัดการเรียนรู้ด้วยโครงสร้างแบบไหน?,Inquiry,Inquiry-Based Learning,Structured Inquiry,ครูกำหนดปัญหา ขั้นตอน และวิธีดำเนินการค่อนข้างชัดเจน นักเรียนปฏิบัติตามเพื่อหาคำตอบ,"กำหนดขั้นตอน, ทำตามขั้นตอน, ขั้นตอนการทดลอง, วิธีทดลองที่กำหนด, ครูสาธิต, ใบกิจกรรมกำหนดวิธี, ทดลองตามแบบ, ตรวจสอบผล",3. ประยุกต์ใช้,"2. เข้าใจ, 4. วิเคราะห์",นำความรู้ไปใช้ตามขั้นตอนการสืบเสาะและวิเคราะห์ผล
,,,Guided Inquiry,ครูกำหนดคำถามหรือปัญหา แต่ให้นักเรียนคิดวิธีศึกษา/ทดลองและหาหลักฐานด้วยตนเองบางส่วน,"คำถามจากครู, ออกแบบการทดลอง, เลือกวิธีทดลอง, วางแผนการสืบเสาะ, ตั้งสมมติฐาน, รวบรวมหลักฐาน, ตรวจสอบสมมติฐาน",4. วิเคราะห์,"3. ประยุกต์ใช้, 5. ประเมิน",นักเรียนต้องเลือกวิธี ตรวจสอบข้อมูล และวิเคราะห์หลักฐาน
,,,Open Inquiry,นักเรียนกำหนดคำถาม วิธีศึกษา และดำเนินการสืบเสาะด้วยตนเอง,"ตั้งคำถามด้วยตนเอง, เลือกปัญหา, ออกแบบการศึกษา, ออกแบบการทดลองเอง, ค้นคว้าอย่างอิสระ, สืบเสาะด้วยตนเอง",5. ประเมิน,"4. วิเคราะห์, 6. สร้างสรรค์",กำหนดคำถาม/วิธีศึกษาเอง ประเมินหลักฐานและออกแบบการสืบเสาะ
,Problem-centered,Problem-Based Learning,Structured PBL,ใช้ปัญหาเป็นตัวขับเคลื่อนการเรียนรู้ แต่ครูกำหนดกรอบหรือขั้นตอนค่อนข้างชัด,"ปัญหาที่กำหนด, ขั้นตอนการแก้ปัญหา, แนวทางที่กำหนด, ใบงานแก้ปัญหา, ครูให้คำแนะนำ, มีกรอบการแก้ปัญหา",3. ประยุกต์ใช้,4. วิเคราะห์,นำความรู้ไปใช้แก้ปัญหาภายใต้กรอบที่กำหนด
,,,Open-ended PBL,ปัญหามีความซับซ้อนและมีคำตอบ/วิธีแก้ได้หลายแบบ นักเรียนเลือกแนวทางเอง,"ปัญหาปลายเปิด, หลายคำตอบ, หลายแนวทาง, ปัญหาจริง, เลือกวิธีแก้, เสนอแนวทาง, ให้อิสระในการแก้ปัญหา",6. สร้างสรรค์,"4. วิเคราะห์, 5. ประเมิน",วิเคราะห์ปัญหา สร้างแนวทางแก้ และประเมินทางเลือก
,,Scenario-Based Learning,Decision scenario,ให้นักเรียนตัดสินใจจากข้อมูล หลักฐาน ทางเลือก หรือผลกระทบ,"ตัดสินใจ, เลือกทางเลือก, เปรียบเทียบทางเลือก, หลักฐานประกอบการตัดสินใจ, ข้อดีข้อเสีย, ผลกระทบ, ให้เหตุผล",5. ประเมิน,4. วิเคราะห์,เปรียบเทียบทางเลือก หลักฐาน และผลกระทบก่อนตัดสินใจ
,,,Case scenario,วิเคราะห์กรณีหรือสถานการณ์เพื่อหาสาเหตุ อธิบายปัญหา หรือเสนอแนวทางแก้,"กรณีศึกษา, สถานการณ์, วิเคราะห์กรณี, วิเคราะห์สาเหตุ, ปัญหา, แนวทางแก้ไข, เสนอแนะ, หลักฐาน",4. วิเคราะห์,5. ประเมิน,วิเคราะห์ข้อมูล/สาเหตุของกรณีและประเมินแนวทางแก้
,,,Simulation scenario,จำลองสถานการณ์หรือระบบเพื่อให้ทดลอง ปรับตัวแปร และสังเกตผล,"จำลอง, แบบจำลอง, สถานการณ์จำลอง, ทดลองเสมือนจริง, ปรับตัวแปร, คาดการณ์, สังเกตผล",3. ประยุกต์ใช้,"4. วิเคราะห์, 5. ประเมิน",ทดลองใช้ความรู้ ปรับตัวแปร วิเคราะห์ผล และประเมินสถานการณ์
,Phenomenon-centered,Phenomenon-Based Learning,Observation,เรียนรู้จากการสังเกตวัตถุ ปรากฏการณ์ หรือการเปลี่ยนแปลง,"สังเกต, สำรวจ, จำแนก, บันทึกการสังเกต, ลักษณะ, การเปลี่ยนแปลง, ปรากฏการณ์",2. เข้าใจ,4. วิเคราะห์,สังเกตเพื่อสร้างความเข้าใจและจำแนกลักษณะ/รูปแบบ
,,,Explanation,สร้างคำอธิบายทางวิทยาศาสตร์โดยใช้หลักฐานและเหตุผล,"อธิบาย, อธิบายเหตุผล, หลักฐาน, ข้อกล่าวอ้าง, ให้เหตุผล, สนับสนุนคำตอบ, ลงข้อสรุป",2. เข้าใจ,4. วิเคราะห์,อธิบายความหมาย ความสัมพันธ์ และเหตุผลของปรากฏการณ์
,,,Investigation,สืบค้นหาคำตอบอย่างเป็นระบบ ตั้งคำถาม วางแผน เก็บและวิเคราะห์ข้อมูล,"สืบสวน, สืบเสาะ, สำรวจ, ตั้งคำถาม, สมมติฐาน, ทดลอง, เก็บข้อมูล, วิเคราะห์ข้อมูล, สรุปผล",4. วิเคราะห์,"3. ประยุกต์ใช้, 5. ประเมิน",วางแผน เก็บข้อมูล วิเคราะห์ และสรุปจากหลักฐาน
,,Context-Based Learning,Real-life context,เชื่อมเนื้อหากับชีวิตประจำวันและสถานการณ์ที่นักเรียนพบจริง,"ชีวิตประจำวัน, ในชีวิตจริง, ใกล้ตัว, ประสบการณ์ในชีวิต, การประยุกต์ใช้, สถานการณ์จริง",3. ประยุกต์ใช้,4. วิเคราะห์,นำความรู้ไปใช้กับสถานการณ์ในชีวิตจริง
,,,Societal context,เชื่อมวิทยาศาสตร์กับปัญหาและการตัดสินใจในระดับสังคม,"สังคม, ปัญหาสังคม, ผลกระทบต่อสังคม, การตัดสินใจสาธารณะ, นโยบาย, สุขภาพประชาชน, ประเด็นสังคม",5. ประเมิน,4. วิเคราะห์,วิเคราะห์ผลกระทบและประเมินทางเลือก/ประเด็นทางสังคม
,,,Local context,ใช้บริบท ปัญหา ทรัพยากร หรือปรากฏการณ์ในท้องถิ่น/ชุมชน,"ท้องถิ่น, ชุมชน, ในพื้นที่, ปัญหาชุมชน, ทรัพยากรท้องถิ่น, สิ่งแวดล้อมในพื้นที่, ภูมิปัญญาท้องถิ่น",3. ประยุกต์ใช้,4. วิเคราะห์,นำความรู้ไปใช้กับปัญหาและบริบทท้องถิ่น
,,STS / STSE,Science–Technology–Society,เชื่อมโยงวิทยาศาสตร์ เทคโนโลยี และผลกระทบต่อสังคม,"วิทยาศาสตร์และเทคโนโลยี, ผลกระทบ, สังคม, จริยธรรม, เทคโนโลยี, การใช้เทคโนโลยี, ผลกระทบทางสังคม",5. ประเมิน,4. วิเคราะห์,วิเคราะห์ความสัมพันธ์และประเมินผลกระทบของวิทยาศาสตร์/เทคโนโลยีต่อสังคม
,,,Environment,ใช้สิ่งแวดล้อมหรือปัญหาสิ่งแวดล้อมเป็นบริบทในการเรียนรู้,"สิ่งแวดล้อม, ระบบนิเวศ, มลพิษ, ขยะ, ภาวะโลกร้อน, การอนุรักษ์, ทรัพยากรธรรมชาติ, ความยั่งยืน",4. วิเคราะห์,"3. ประยุกต์ใช้, 5. ประเมิน",วิเคราะห์ระบบ/ปัญหาสิ่งแวดล้อมและประเมินแนวทางแก้
,Project / Design,Project-Based Learning,Investigation project,โครงงานที่มุ่งศึกษาหาคำตอบหรือสร้างองค์ความรู้จากการสืบค้น/ทดลอง,"โครงงานวิจัย, โครงงานสำรวจ, โครงงานทดลอง, ตั้งคำถาม, สมมติฐาน, เก็บข้อมูล, วิเคราะห์ข้อมูล, ผลการศึกษา",5. ประเมิน,"4. วิเคราะห์, 6. สร้างสรรค์",ออกแบบการศึกษา วิเคราะห์ข้อมูล และประเมินข้อสรุป
,,,Product project,โครงงานที่มีเป้าหมายสร้างชิ้นงานหรือผลิตภัณฑ์,"สร้างชิ้นงาน, ผลิตภัณฑ์, ต้นแบบ, ประดิษฐ์, ออกแบบ, พัฒนา, ทดสอบชิ้นงาน",6. สร้างสรรค์,"3. ประยุกต์ใช้, 5. ประเมิน",ออกแบบและสร้างผลิตภัณฑ์/ต้นแบบ พร้อมทดสอบและปรับปรุง
,,,Community project,โครงงานที่มุ่งแก้ปัญหาหรือสร้างประโยชน์ให้ชุมชน,"โครงงานชุมชน, ปัญหาชุมชน, ความต้องการของชุมชน, ผู้มีส่วนได้ส่วนเสีย, แก้ปัญหาชุมชน, ประโยชน์ต่อชุมชน",6. สร้างสรรค์,"4. วิเคราะห์, 5. ประเมิน",วิเคราะห์ปัญหาชุมชน ประเมินทางเลือก และสร้างแนวทางแก้
,,Engineering Design,Define → Design → Build → Test → Improve,กระบวนการออกแบบเชิงวิศวกรรมอย่างเป็นขั้นตอน,"ระบุปัญหา, กำหนดปัญหา, ออกแบบ, สร้างต้นแบบ, สร้าง, ทดสอบ, ประเมิน, ปรับปรุง, ทำซ้ำ",6. สร้างสรรค์,"4. วิเคราะห์, 5. ประเมิน",กระบวนการออกแบบ สร้าง ทดสอบ และปรับปรุง
,Collaborative,Collaborative Learning,Pair,นักเรียนทำงานร่วมกัน 2 คน,"จับคู่, คู่, ทำงานเป็นคู่, แลกเปลี่ยนกับเพื่อน, เพื่อนคู่คิด",2. เข้าใจ,3. ประยุกต์ใช้,การอธิบาย/แลกเปลี่ยนกับเพื่อนช่วยสร้างความเข้าใจและนำความรู้ไปใช้
,,,Small group,นักเรียนทำงานร่วมกันเป็นกลุ่มขนาดเล็ก,"กลุ่มย่อย, ทำงานกลุ่ม, กลุ่ม 3–5 คน, อภิปรายกลุ่ม, ร่วมกันแก้ปัญหา",4. วิเคราะห์,"2. เข้าใจ, 5. ประเมิน",อภิปราย วิเคราะห์ปัญหา และแลกเปลี่ยนเหตุผล
,,,Team-based,ทำงานเป็นทีม มีการแบ่งบทบาทและความรับผิดชอบ,"ทีม, การทำงานเป็นทีม, แบ่งหน้าที่, แบ่งบทบาท, ความรับผิดชอบร่วมกัน, ร่วมมือ",4. วิเคราะห์,"3. ประยุกต์ใช้, 5. ประเมิน",ร่วมกันแก้ปัญหา แบ่งบทบาท และตัดสินใจ
,,Cooperative Learning,Jigsaw,สมาชิกแต่ละคน/กลุ่มเชี่ยวชาญเนื้อหาส่วนหนึ่ง แล้วกลับมาถ่ายทอดให้กลุ่ม,"จิ๊กซอว์, กลุ่มผู้เชี่ยวชาญ, กลุ่มบ้าน, สอนเพื่อน, แลกเปลี่ยนความรู้, ถ่ายทอดความรู้",2. เข้าใจ,4. วิเคราะห์,เรียนรู้เนื้อหาส่วนหนึ่งแล้วอธิบาย/เชื่อมโยงกับความรู้ส่วนอื่น
,,,STAD,เรียนเป็นทีม ฝึกฝนร่วมกัน แล้วประเมินรายบุคคลและนำผลมาคิดเป็นคะแนนทีม,"STAD, ทีม, แบบทดสอบรายบุคคล, คะแนนทีม, คะแนนพัฒนาการ, ช่วยเพื่อน",2. เข้าใจ,3. ประยุกต์ใช้,เน้นการเรียนรู้เนื้อหาและฝึกฝนร่วมกันก่อนประเมินรายบุคคล
,,,Think-Pair-Share,คิดด้วยตนเอง → แลกเปลี่ยนกับคู่ → แชร์ต่อกลุ่ม/ชั้นเรียน,"คิดคนเดียว, จับคู่, แลกเปลี่ยน, แชร์, นำเสนอ, คิด-คู่-แลกเปลี่ยน",4. วิเคราะห์,"2. เข้าใจ, 5. ประเมิน",คิด วิเคราะห์ แลกเปลี่ยน และตรวจสอบเหตุผล
,Direct / Explicit,Explicit Instruction,Explain–Model–Guided Practice–Independent,ครูอธิบาย/สาธิต → ฝึกโดยมีครูช่วย → ฝึกด้วยตนเอง,"อธิบาย, สาธิต, ทำเป็นตัวอย่าง, ฝึกตามครู, ฝึกโดยมีคำแนะนำ, ฝึกด้วยตนเอง",3. ประยุกต์ใช้,"1. จำ, 2. เข้าใจ",จากการรับรู้/เข้าใจ → ฝึกใช้ความรู้ → ทำด้วยตนเอง
,,Direct Instruction,Teacher-led systematic instruction,ครูเป็นผู้นำการสอนอย่างเป็นระบบและเป็นลำดับ,"ครูอธิบาย, การสอนโดยตรง, สอนทีละขั้น, สาธิต, ฝึกปฏิบัติ, ตรวจสอบความเข้าใจ, แบบฝึกหัด",2. เข้าใจ,"1. จำ, 3. ประยุกต์ใช้",เหมาะกับการสร้างพื้นฐานความรู้และนำไปฝึกใช้
,Experiential,Experiential Learning,Experience → Reflection → Application,เรียนจากประสบการณ์ → สะท้อนคิด → นำความรู้ไปประยุกต์ใช้,"ประสบการณ์, ลงมือปฏิบัติ, สะท้อนคิด, ทบทวน, อภิปรายสิ่งที่เรียนรู้, ประยุกต์ใช้",3. ประยุกต์ใช้,"2. เข้าใจ, 4. วิเคราะห์",เรียนจากประสบการณ์ สะท้อนความหมาย แล้วนำไปใช้
,,Field-Based Learning,Field observation,ออกนอกห้องเรียนเพื่อสังเกตหรือสำรวจปรากฏการณ์จริง,"สำรวจภาคสนาม, ศึกษานอกสถานที่, แหล่งเรียนรู้, ลงพื้นที่, สังเกตในพื้นที่จริง, บันทึกข้อมูล",3. ประยุกต์ใช้,"2. เข้าใจ, 4. วิเคราะห์",ใช้ความรู้ในบริบทจริงและวิเคราะห์สิ่งที่พบ
,,,Data collection,เก็บข้อมูลจากการสังเกต ทดลอง วัด สำรวจ หรือเก็บตัวอย่าง,"เก็บข้อมูล, วัด, บันทึกข้อมูล, สำรวจ, แบบสอบถาม, ตัวอย่าง, ตารางข้อมูล",3. ประยุกต์ใช้,4. วิเคราะห์,ใช้ทักษะการวัด/เก็บข้อมูลและนำข้อมูลไปวิเคราะห์
,STEM integration,Integrated STEM,STEM integration,บูรณาการวิทยาศาสตร์ เทคโนโลยี วิศวกรรม และคณิตศาสตร์เพื่อแก้ปัญหา,"STEM, บูรณาการ, วิทยาศาสตร์, เทคโนโลยี, วิศวกรรม, คณิตศาสตร์, แก้ปัญหา, ออกแบบ",6. สร้างสรรค์,"3. ประยุกต์ใช้, 4. วิเคราะห์, 5. ประเมิน",บูรณาการความรู้หลายศาสตร์เพื่อสร้างวิธีแก้ปัญหา
,,,Design challenge,บูรณาการวิทยาศาสตร์ เทคโนโลยี วิศวกรรม และคณิตศาสตร์เพื่อแก้ปัญหา,"โจทย์การออกแบบ, ออกแบบ, ข้อจำกัด, เกณฑ์, เงื่อนไข, ต้นแบบ, วิธีแก้ปัญหา",6. สร้างสรรค์,"4. วิเคราะห์, 5. ประเมิน",วิเคราะห์ข้อกำหนด สร้างทางเลือก และประเมินวิธีแก้
,,Maker-Based Learning,Make → Test → Improve,สร้าง → ทดสอบ → วิเคราะห์ → ปรับปรุง → ทดสอบซ้ำ,"สร้าง, ประดิษฐ์, ต้นแบบ, ทดสอบ, ประเมิน, ปรับปรุง, แก้ไข, ทำซ้ำ",6. สร้างสรรค์,"5. ประเมิน, 3. ประยุกต์ใช้",สร้างต้นแบบ ทดสอบ ประเมินผล และปรับปรุง
,,,,,,,,
,ประเภทใหญ่,Strategy (Show/Recommend),วิธีย่อย,เหมาะกับปัญหา , (Keywords),(MATCH ฺBLOOM MAIN) ,(MATCH ฺBLOOM SUB) ,เหตผลในการ match
2. Instructional Strategy Database : ภายในบทเรียน ครูจะใช้วิธีอะไรเพื่อแก้ปัญหาเฉพาะจุด?,Explicit teaching,Explicit Instruction,Modelling / Guided practice / Independent practice,"นักเรียนไม่เข้าใจเนื้อหาพื้นฐาน, ทำงานเองไม่ได้, มีความรู้เดิมไม่เพียงพอ","อธิบายอย่างเป็นขั้นตอน, ครูสอนโดยตรง, สาธิต, ชี้แจง, ตัวอย่าง, ตรวจสอบความเข้าใจ, ฝึกตามครู",2. เข้าใจ,"1. จำ, 3. ประยุกต์ใช้",เน้นการสร้างความรู้/ความเข้าใจอย่างเป็นระบบ ก่อนนำไปฝึกใช้
,,Worked Examples,Full → Partial → Independent,"นักเรียนไม่รู้ว่าจะเริ่มแก้โจทย์อย่างไร, ไม่เข้าใจขั้นตอนการแก้ปัญหา","ตัวอย่างวิธีทำ, ตัวอย่างที่ทำเสร็จแล้ว, แสดงขั้นตอน, วิเคราะห์วิธีทำ, ตัวอย่างโจทย์, อธิบายแต่ละขั้น",3. ประยุกต์ใช้,2. เข้าใจ,นักเรียนศึกษาวิธีแก้จากตัวอย่างแล้วนำขั้นตอนไปใช้กับโจทย์ใหม่
,Scaffolding,Instructional Scaffolding,Prompt / Hint / Cue / Model,"นักเรียนยังทำงานที่ซับซ้อนด้วยตนเองไม่ได้, ต้องการความช่วยเหลือระหว่างเรียน","ตัวช่วย, คำใบ้, แนวทาง, คำถามชี้นำ, แบบจำลอง, ใบงานช่วยคิด, ช่วยเหลือเป็นขั้นตอน",3. ประยุกต์ใช้,"2. เข้าใจ, 4. วิเคราะห์",ช่วยให้ผู้เรียนสามารถใช้ความรู้ทำงานที่เดิมยังทำเองไม่ได้
,,Gradual Release,I do → We do → You do,"นักเรียนพึ่งพาครูมากเกินไป, ยังเปลี่ยนจากการเรียนแบบมีผู้ช่วยไปสู่การทำงานอิสระไม่ได้","ครูทำ → ทำร่วมกัน → นักเรียนทำเอง, สาธิต, ฝึกร่วมกัน, ฝึกด้วยตนเอง, ลดความช่วยเหลือ",3. ประยุกต์ใช้,"2. เข้าใจ, 4. วิเคราะห์",ค่อย ๆ เปลี่ยนจากครูทำ → ทำร่วมกัน → นักเรียนทำเอง
,,Fading,High → Low support,นักเรียนยังพึ่งพา Scaffolding หรือคำแนะนำมากเกินไป,"ลดตัวช่วย, ลดคำใบ้, ลดการชี้นำ, ถอนการช่วยเหลือ, เพิ่มความเป็นอิสระ, independent",3. ประยุกต์ใช้,4. วิเคราะห์,ลดตัวช่วยจนผู้เรียนสามารถนำความรู้ไปใช้ได้อย่างอิสระ
,Memory,Retrieval Practice,Free recall / Quiz / Flashcard,"จำเนื้อหาไม่ได้, เรียนแล้วลืม, เรียกคืนความรู้เดิมไม่ได้","ทบทวนจากความจำ, แบบทดสอบสั้น, quiz, recall, ตอบโดยไม่เปิดหนังสือ, flashcard, คำถามทบทวน",1. จำ,2. เข้าใจ,เน้นการดึงข้อมูล/ความรู้จากความจำกลับมาใช้
,,Spaced Practice,Distributed review,"ลืมเนื้อหาเร็ว, จำได้เฉพาะช่วงใกล้สอบ, การเรียนไม่คงทน","ทบทวนเป็นระยะ, เว้นช่วง, ทบทวนซ้ำ, หลายครั้ง, กระจายการเรียน, review over time",1. จำ,2. เข้าใจ,การทบทวนแบบเว้นระยะช่วยให้ความรู้คงอยู่และเรียกคืนได้ดีขึ้น
,,Interleaving,Mixed problem types,นักเรียนแยกแยะวิธีแก้ปัญหาหรือเลือกวิธีที่เหมาะสมไม่ได้,"สลับโจทย์, สลับประเภท, หลายแนวคิด, mixed problems, เปรียบเทียบวิธี, เลือกวิธีแก้",4. วิเคราะห์,"3. ประยุกต์ใช้, 5. ประเมิน",ต้องจำแนกประเภทโจทย์/สถานการณ์และเลือกวิธีแก้ที่เหมาะสม
,Conceptual,Conceptual Change,Elicit → Conflict → Reconstruct,"มีความเข้าใจผิดทางวิทยาศาสตร์, ความรู้เดิมขัดกับหลักวิทยาศาสตร์","ความเข้าใจคลาดเคลื่อน, misconception, ความรู้เดิม, เปลี่ยนความเข้าใจ, ปรับโครงสร้างความรู้, แนวคิดทางเลือก",4. วิเคราะห์,"2. เข้าใจ, 5. ประเมิน",เปรียบเทียบความเข้าใจเดิมกับหลักฐาน วิเคราะห์ความขัดแย้ง และปรับโครงสร้างความรู้
,,Cognitive Conflict,Prediction → Evidence → Revision,นักเรียนมีความเชื่อเดิมที่ไม่สอดคล้องกับหลักฐาน/ปรากฏการณ์จริง,"ความขัดแย้งทางความคิด, ผลไม่ตรงคาด, คาดการณ์, ทำนาย, ผลการทดลอง, หลักฐานขัดแย้ง, surprise",4. วิเคราะห์,"2. เข้าใจ, 5. ประเมิน",กระตุ้นให้เปรียบเทียบความเชื่อเดิมกับผล/หลักฐานที่ขัดแย้งกัน
,,Concept Mapping,Hierarchy / Relationship map,"นักเรียนเห็นความสัมพันธ์ระหว่างแนวคิดไม่ชัด, ความรู้กระจัดกระจาย","แผนผังแนวคิด, concept map, เชื่อมโยงแนวคิด, ความสัมพันธ์, จัดหมวดหมู่, ลำดับแนวคิด",4. วิเคราะห์,"2. เข้าใจ, 6. สร้างสรรค์",วิเคราะห์และจัดความสัมพันธ์ระหว่างแนวคิด และสร้างโครงสร้างความรู้
,Reasoning,Scientific Argumentation,Claim–Evidence–Reasoning,นักเรียนตอบได้แต่ไม่สามารถใช้หลักฐานสนับสนุนคำตอบหรือให้เหตุผลทางวิทยาศาสตร์,"ข้อกล่าวอ้าง, หลักฐาน, เหตุผล, claim, evidence, reasoning, โต้แย้ง, สนับสนุนคำตอบ",5. ประเมิน,"4. วิเคราะห์, 6. สร้างสรรค์",ประเมินหลักฐานและข้อกล่าวอ้าง แล้วสร้างข้อโต้แย้งที่มีเหตุผล
,,Socratic Questioning,Probe / Why / Evidence / Counterexample,"นักเรียนคิดวิเคราะห์ไม่ลึก, ตอบตามความจำ, ไม่ตรวจสอบเหตุผลของตนเอง","คำถามต่อเนื่อง, ทำไม, เพราะอะไร, หลักฐานอะไร, ถ้า..., อธิบายเพิ่มเติม, ตรวจสอบสมมติฐาน",4. วิเคราะห์,5. ประเมิน,คำถามต่อเนื่องบังคับให้ตรวจสอบสมมติฐาน เหตุผล และหลักฐาน
,,Dialogic Teaching,Question → Response → Discussion,"นักเรียนมีส่วนร่วมในการอภิปรายต่ำ, ไม่แลกเปลี่ยนเหตุผล/มุมมอง","สนทนา, อภิปราย, แลกเปลี่ยนความคิดเห็น, ตั้งคำถาม, ฟังเพื่อน, ต่อยอดคำตอบ, discussion",4. วิเคราะห์,5. ประเมิน,การอภิปรายทำให้ผู้เรียนเปรียบเทียบมุมมอง วิเคราะห์เหตุผล และตรวจสอบข้อเสนอ
,Collaboration,Peer Instruction,Individual → Peer discussion → Re-answer,"นักเรียนเข้าใจแนวคิดไม่ตรงกัน, ไม่สามารถอธิบายเหตุผลของคำตอบ","โหวตคำตอบ, คิดคนเดียว, อธิบายให้เพื่อน, เปรียบเทียบคำตอบ, อภิปรายกับเพื่อน, เปลี่ยนคำตอบ",2. เข้าใจ,"4. วิเคราะห์, 5. ประเมิน",ต้องอธิบายแนวคิดและเปรียบเทียบเหตุผลกับเพื่อนเพื่อปรับความเข้าใจ
,,Peer Tutoring,Tutor–Tutee,"นักเรียนบางคนต้องการความช่วยเหลือเพิ่มเติม, ต้องการเรียนรู้ผ่านเพื่อน","เพื่อนสอนเพื่อน, ผู้สอน-ผู้เรียน, จับคู่, อธิบายให้เพื่อน, peer tutor, สลับบทบาท",2. เข้าใจ,"3. ประยุกต์ใช้, 4. วิเคราะห์",การสอนเพื่อนต้องเข้าใจเนื้อหาและนำความรู้มาอธิบาย/ประยุกต์
,,Think-Pair-Share,Think → Pair → Share,"นักเรียนไม่กล้าแสดงความคิดเห็น, มีส่วนร่วมต่ำ, คิดก่อนอภิปรายไม่เพียงพอ","คิดคนเดียว, จับคู่, แลกเปลี่ยน, แชร์, นำเสนอ, Think-Pair-Share",4. วิเคราะห์,"2. เข้าใจ, 5. ประเมิน",คิดคำตอบ → แลกเปลี่ยน → เปรียบเทียบเหตุผล → ปรับคำตอบ
,Differentiation,Differentiated Instruction,Content / Process / Product / Support,นักเรียนมีความสามารถ/ความพร้อม/ความต้องการแตกต่างกันในห้องเดียวกัน,"ความแตกต่างระหว่างผู้เรียน, ปรับการสอน, ปรับเนื้อหา, ปรับกิจกรรม, ปรับงาน, ความพร้อม",3. ประยุกต์ใช้,"2. เข้าใจ, 4. วิเคราะห์",ตัว strategy เน้นการปรับ learning task ให้ผู้เรียนสามารถนำความรู้ไปใช้ตามระดับของตน
,,Tiered Tasks,Basic / Intermediate / Advanced,นักเรียนมีระดับความสามารถแตกต่างกันและงานระดับเดียวไม่เหมาะกับทุกคน,"งานหลายระดับ, ระดับง่าย-กลาง-ยาก, tiered, ปรับความซับซ้อน, ตามความสามารถ, ตามความพร้อม",3. ประยุกต์ใช้,4. วิเคราะห์,ปรับความซับซ้อนของงานเพื่อให้ผู้เรียนใช้ความรู้ในระดับที่เหมาะกับตน
,,Flexible Grouping,regroup ตาม need,การจัดกลุ่มแบบเดิมไม่ตอบสนองความแตกต่างของนักเรียน,"จัดกลุ่มยืดหยุ่น, เปลี่ยนกลุ่ม, กลุ่มตามความต้องการ, กลุ่มตามระดับ, สลับสมาชิก",4. วิเคราะห์,3. ประยุกต์ใช้,การทำงานกลุ่มเพื่อแก้ปัญหา/อภิปรายมักต้องวิเคราะห์และแลกเปลี่ยนความคิด
,Metacognition,Metacognitive Strategy,Plan / Monitor / Evaluate,"นักเรียนไม่รู้ว่าตนเองเรียนรู้หรือคิดอย่างไร, ไม่ตรวจสอบความเข้าใจของตนเอง","คิดเกี่ยวกับการคิด, วางแผน, ตรวจสอบตนเอง, ประเมินตนเอง, สะท้อนคิด, กลยุทธ์การเรียน",5. ประเมิน,4. วิเคราะห์,ผู้เรียนวางแผน ตรวจสอบ และประเมินกระบวนการคิด/การเรียนรู้ของตนเอง
,,Self-Regulated Learning,Goal → Plan → Monitor → Reflect,"นักเรียนบริหารการเรียนของตนเองไม่ได้, ขาดการวางแผน/ติดตาม/ปรับกลยุทธ์","ตั้งเป้าหมาย, วางแผน, ติดตามตนเอง, ประเมินตนเอง, ปรับกลยุทธ์, จัดการเวลา",5. ประเมิน,"4. วิเคราะห์, 3. ประยุกต์ใช้",วางเป้าหมาย ติดตามผล ประเมินตนเอง และปรับกลยุทธ์
,Engagement,Gamification,Points / Challenge / Progress,"แรงจูงใจต่ำ, การมีส่วนร่วมต่ำ, นักเรียนไม่ต่อเนื่องกับกิจกรรม","คะแนน, แต้ม, badge, level, leaderboard, reward, challenge, ภารกิจ, เกม",3. ประยุกต์ใช้,"1. จำ, 2. เข้าใจ",ตัวเกมไม่ได้กำหนด cognitive level โดยตรง แต่กิจกรรมเกมมักให้ผู้เรียนฝึกใช้ความรู้
,,Choice-based Learning,Choice of task/process/product,"นักเรียนขาดแรงจูงใจหรือ ownership, ความสนใจแตกต่างกัน","เลือกหัวข้อ, เลือกกิจกรรม, เลือกวิธีทำงาน, choice, autonomy, ทางเลือก, ความสนใจ",5. ประเมิน,"6. สร้างสรรค์, 3. ประยุกต์ใช้",เมื่อมีการเลือกวิธี/แนวทาง ผู้เรียนต้องประเมินทางเลือก และบางกรณีสร้างผลงานเอง
,Visual / Representation,Dual Coding,Verbal + Visual,นักเรียนเข้าใจเนื้อหาที่เป็นนามธรรมหรือข้อความจำนวนมากได้ยาก,"ภาพ + คำ, diagram, ภาพประกอบ, visual + verbal, แผนภาพ, คำอธิบายประกอบภาพ",2. เข้าใจ,"1. จำ, 3. ประยุกต์ใช้",เชื่อมข้อมูล verbal + visual เพื่อสร้างความเข้าใจและช่วยการเรียกคืน
,,Multiple Representations,Text / Graph / Model / Diagram,"นักเรียนเข้าใจแนวคิดจากรูปแบบเดียวไม่ได้, เชื่อมโยง representation ต่าง ๆ ไม่ได้","หลายรูปแบบ, ตาราง, กราฟ, แผนภาพ, สมการ, แบบจำลอง, ข้อความ, เชื่อมโยง representation",4. วิเคราะห์,"2. เข้าใจ, 3. ประยุกต์ใช้",ต้องเชื่อมโยงและเปรียบเทียบ representation หลายรูปแบบ เช่น กราฟ สมการ แบบจำลอง
,,,,,,,,
,ประเภทใหญ่,Activity (Show/Recommend),รูปแบบกิจกรรมย่อย,Skills ที่พัฒนาเด่น ,(Keywords),(MATCH ASSESSMENT PRIMARY) ,(MATCH ASSESMENT SECONDARY) ,เหตผลในการ match
3. Learning Activity Database : นักเรียนจะลงมือทำกิจกรรมอะไร?,Investigation,Experiment,Controlled / Comparative / Exploratory,"การออกแบบการสืบเสาะ, การควบคุมตัวแปร, การเปรียบเทียบ","ควบคุมตัวแปร, เปรียบเทียบ, ตัวแปรต้น, ตัวแปรตาม, ตัวแปรควบคุม, สำรวจ, ออกแบบการทดลอง",Practical Assessment,"Formative Assessment, Performance Assessment, Pre–Post Assessment",ทักษะการทดลอง การใช้เครื่องมือ การควบคุมตัวแปร และการปฏิบัติ
,,Investigation,Question → Test → Evidence,การตั้งคำถามและตรวจสอบด้วยหลักฐาน,"ตั้งคำถาม, ทดสอบ, ตรวจสอบ, หลักฐาน, ตรวจสอบสมมติฐาน, หาคำตอบ",Performance Assessment,"Formative Assessment, Project Assessment, CER Assessment",ความสามารถในการสืบเสาะ ตั้งคำถาม วางแผน เก็บ/วิเคราะห์ข้อมูล และสรุป
,,Field Investigation,Observe → Collect → Analyze,การสังเกตและวิเคราะห์ข้อมูล,"สังเกต, เก็บข้อมูล, บันทึกข้อมูล, วิเคราะห์ข้อมูล, หารูปแบบ, ตีความ",Performance Assessment,"Practical Assessment, Project Assessment",การสืบค้นในสถานการณ์จริง การเก็บข้อมูลภาคสนาม และการประยุกต์ใช้
,Data,Data Analysis,Table / Graph / Diagram,การนำเสนอข้อมูลและการแปลความหมายข้อมูล,"ตาราง, กราฟ, แผนภาพ, นำเสนอข้อมูล, อ่านกราฟ, ตีความข้อมูล, แสดงข้อมูล",Data Interpretation Task,"Formative Assessment, Achievement Test",การวิเคราะห์ ตีความ หารูปแบบ แนวโน้ม และสรุปจากข้อมูล
,,Data Collection,Measure / Record / Sample,การวัดและการเก็บข้อมูลอย่างเป็นระบบ,"วัด, บันทึก, ตัวอย่าง, หน่วย, เครื่องมือวัด, เก็บข้อมูล, ตัวอย่างข้อมูล",Practical Assessment,"Performance Assessment, Formative Assessment",ความสามารถในการเก็บ วัด บันทึก และจัดการข้อมูล
,,Data Representation,Graph / Table / Model,การแทนข้อมูลและการใช้ตัวแทนทางวิทยาศาสตร์,"กราฟ, ตาราง, แบบจำลอง, แทนข้อมูล, สร้างแบบจำลอง, ตีความแบบจำลอง",Data Interpretation Task,"Performance Assessment, Formative Assessment",การนำเสนอข้อมูลด้วยกราฟ ตาราง แผนภาพ และการตีความ
,Reasoning,Scientific Argument,CER,การให้เหตุผลจากหลักฐาน / การสร้างข้อโต้แย้งทางวิทยาศาสตร์,"ข้อกล่าวอ้าง, หลักฐาน, เหตุผล, Claim, Evidence, Reasoning, สนับสนุนคำตอบ",CER Assessment,"Argumentation Assessment, Peer Assessment",Claim–Evidence–Reasoning และการให้เหตุผลจากหลักฐาน
,,Debate,Structured / Evidence-based,การให้เหตุผลโดยใช้หลักฐานตามกรอบ,"หลักฐาน, อ้างอิงข้อมูล, สนับสนุนข้อสรุป, ใช้ข้อมูล, ให้เหตุผล, ตรวจสอบ",Argumentation Assessment,"Peer Assessment, Performance Assessment",การใช้หลักฐาน การโต้แย้ง การประเมินข้อกล่าวอ้าง และการให้เหตุผล
,,Evidence Evaluation,Compare evidence / claims,การประเมินหลักฐานและเปรียบเทียบข้อกล่าวอ้าง,"เปรียบเทียบหลักฐาน, เปรียบเทียบข้อกล่าวอ้าง, ประเมินหลักฐาน, ความน่าเชื่อถือ, สนับสนุน/ขัดแย้ง",Argumentation Assessment,"CER Assessment, Formative Assessment",การประเมินความน่าเชื่อถือ/ความเพียงพอของหลักฐานและข้อกล่าวอ้าง
,,Prediction,Predict → Test → Revise,การคาดการณ์ การทดสอบ และปรับปรุงแนวคิด,"คาดการณ์, ทำนาย, ทดสอบ, ผลการทดลอง, ตรวจสอบ, ปรับปรุง, แก้ไขแนวคิด",Concept Check,"Formative Assessment, Pre–Post Assessment",ความเข้าใจเดิม การคาดการณ์ และความเข้าใจเกี่ยวกับเหตุ–ผล
,Explanation,Student Explanation,Oral / Written / Diagram,การสื่อสารทางวิทยาศาสตร์,"อธิบาย, เขียน, พูด, วาดแผนภาพ, นำเสนอ, สื่อสาร, ถ่ายทอดข้อมูล",CER Assessment,"Formative Assessment, Concept Check",ความสามารถในการอธิบายโดยใช้หลักฐานและเหตุผล
,,Peer Explanation,Explain to partner/group,การอธิบายและสื่อสารเหตุผล,"อธิบายให้เพื่อน, แลกเปลี่ยน, อภิปราย, ให้เหตุผล, นำเสนอ, ตอบคำถาม",Peer Assessment,"Formative Assessment, Concept Check",ความเข้าใจผ่านการอธิบาย การสื่อสาร และการตรวจสอบความเข้าใจ
,Conceptual,Concept Mapping,Hierarchy / Causal / Relationship,การจัดระบบและเชื่อมโยงแนวคิด,"ลำดับชั้น, เหตุและผล, ความสัมพันธ์, เชื่อมโยง, จัดหมวดหมู่, ความสัมพันธ์ระหว่างแนวคิด",Performance Assessment,"Formative Assessment, Self-Assessment, Concept Check",ความเข้าใจและความสัมพันธ์ระหว่างแนวคิด
,,Model Construction,Physical / Conceptual / Mathematical,การใช้และสร้างแบบจำลองหลายรูปแบบ,"แบบจำลองทางกายภาพ, แบบจำลองเชิงแนวคิด, แบบจำลองทางคณิตศาสตร์, สร้างแบบจำลอง, ใช้แบบจำลอง",Performance Assessment,"Project Assessment, Formative Assessment",ความสามารถในการสร้างแบบจำลองและแทนปรากฏการณ์
,,Model Revision,Initial → Evidence → Revised,การปรับปรุงคำอธิบายตามหลักฐาน,"ความคิดเดิม, หลักฐานใหม่, ปรับคำอธิบาย, เปลี่ยนแนวคิด, แก้ไขข้อสรุป",Performance Assessment,"Formative Assessment, Self-Assessment",การปรับแบบจำลองตามหลักฐานและการประเมินความถูกต้อง
,Application,Real-world Problem,Local / Environmental / Social,การประยุกต์ใช้วิทยาศาสตร์กับบริบทจริงและประเด็นสังคม,"ท้องถิ่น, สิ่งแวดล้อม, สังคม, ปัญหาชุมชน, ผลกระทบ, ประยุกต์ใช้, ปัญหาจริง",Performance Assessment,"Project Assessment, Formative Assessment",การประยุกต์ใช้ความรู้เพื่อแก้ปัญหาในบริบทจริง
,,Case Analysis,Case → Evidence → Decision,การใช้หลักฐานเพื่อการตัดสินใจ,"กรณีศึกษา, หลักฐาน, วิเคราะห์ข้อมูล, ตัดสินใจ, ให้เหตุผล, ประเมินทางเลือก",Data Interpretation Task,"Argumentation Assessment, Formative Assessment",การวิเคราะห์ข้อมูล หลักฐาน สาเหตุ และแนวทางแก้ปัญหา
,,Scenario Decision,Scenario → Options → Consequences,การประเมินทางเลือกและผลกระทบ,"สถานการณ์, ทางเลือก, ผลที่ตามมา, ผลกระทบ, เปรียบเทียบ, ตัดสินใจ",Performance Assessment,"Argumentation Assessment, Self-Assessment",การตัดสินใจโดยใช้หลักฐาน เปรียบเทียบทางเลือก และประเมินผลกระทบ
,Hands-on,Demonstration,Teacher demonstration,การสังเกตและทำความเข้าใจกระบวนการ/ปรากฏการณ์,"ครูสาธิต, สาธิต, แสดงขั้นตอน, สังเกตการทดลอง, อธิบายขั้นตอน",Formative Assessment,"Hinge Question, Concept Check, Practical Assessment",ตรวจความเข้าใจระหว่างการสาธิตและความเข้าใจขั้นตอน/ปรากฏการณ์
,,Hands-on Exploration,Manipulate / Observe,การทดลองและการสังเกตเชิงปฏิบัติ,"ลงมือทดลอง, จัดการตัวแปร, เปลี่ยนแปลง, สังเกตผล, ทดลอง, ปฏิบัติ",Practical Assessment,"Formative Assessment, Performance Assessment",ทักษะการลงมือปฏิบัติ การสังเกต การทดลอง และการใช้เครื่องมือ
,Design,Design Challenge,Define → Design → Test,การแก้ปัญหาและการออกแบบเชิงวิศวกรรม,"ระบุปัญหา, กำหนดปัญหา, ออกแบบ, สร้างวิธีแก้, ทดสอบ, ประเมิน",Performance Assessment,"Project Assessment, Formative Assessment",การออกแบบ วิธีแก้ปัญหา การประยุกต์ใช้ความรู้ และการประเมินทางเลือก
,,Prototype,Build → Test → Improve,การออกแบบ ทดลอง และปรับปรุง,"สร้าง, ต้นแบบ, ทดสอบ, ประเมิน, ปรับปรุง, แก้ไข, ทำซ้ำ",Performance Assessment,"Project Assessment, Practical Assessment",การสร้างต้นแบบ การทำงานของชิ้นงาน การทดสอบ และการปรับปรุง
,Collaboration,Group Investigation,Roles / Shared product,การทำงานร่วมกันและการแบ่งความรับผิดชอบ,"บทบาท, แบ่งหน้าที่, ทำงานร่วมกัน, ผลงานร่วม, ความรับผิดชอบ, ประสานงาน",Performance Assessment,"Peer Assessment, Project Assessment, Formative Assessment",การสืบเสาะ การทำงานร่วมกัน และผลงาน/กระบวนการของกลุ่ม
,,Jigsaw,Expert group → Teaching group,การเรียนรู้ร่วมกันและการสื่อสารความรู้,"กลุ่มผู้เชี่ยวชาญ, กลุ่มเรียนรู้, ถ่ายทอดความรู้, สอนเพื่อน, แลกเปลี่ยน",Concept Check,"Peer Assessment, Formative Assessment",ความเข้าใจเนื้อหาและความสามารถในการถ่ายทอดความรู้
,,Peer Teaching,Student teaches student,การอธิบายความรู้และการสื่อสารกับเพื่อน,"เพื่อนสอนเพื่อน, อธิบาย, ถ่ายทอด, สอน, ให้คำแนะนำ, ตรวจสอบความเข้าใจ",Peer Assessment,"Concept Check, Formative Assessment",ความเข้าใจเชิงลึกผ่านการอธิบายและการสื่อสาร
,Reflection,Reflection,Journal / Exit ticket,การสะท้อนคิดและการประเมินตนเอง,"บันทึกสะท้อนคิด, Journal, Exit ticket, สิ่งที่เรียนรู้, สิ่งที่ยังไม่เข้าใจ, สะท้อน",Self-Assessment,"Exit Ticket, Formative Assessment, Feed Forward",การสะท้อนความเข้าใจ จุดแข็ง จุดอ่อน และสิ่งที่ต้องพัฒนาต่อ
,,Learning Log,Before / During / After,การกำกับและติดตามกระบวนการเรียนรู้ของตนเอง,"ก่อนเรียน, ระหว่างเรียน, หลังเรียน, วางแผน, ตรวจสอบ, ประเมินตนเอง, สะท้อน",Self-Assessment,"Repeated Assessment, Formative Assessment",ติดตามความก้าวหน้า ความเข้าใจ และกระบวนการเรียนรู้ต่อเนื่อง
,,Self-explanation,Explain thinking/process,การอธิบายกระบวนการคิดและการให้เหตุผล,"อธิบายความคิด, อธิบายวิธีคิด, แสดงขั้นตอน, ให้เหตุผล, อธิบายกระบวนการ, คิดอย่างไร",Concept Check,"Formative Assessment, CER Assessment, Self-Assessment",ความเข้าใจ เหตุผล และกระบวนการคิดของผู้เรียน
,,,,,,,,
,ประเภทใหญ่,Assessment (Show/Recommend),ประเภทย่อย,ใช้ตรวจอะไร ,(Keywords),,,
4. Assessment Strategy Database  : จะรู้ได้อย่างไรว่านักเรียนพัฒนาหรือยัง?,Diagnostic,Diagnostic Assessment,Pre-test / Concept inventory / Misconception probe,ตรวจหาจุดแข็ง จุดอ่อน ช่องว่าง หรือปัญหาการเรียนรู้ก่อน/ระหว่างการจัดการเรียนรู้,"วินิจฉัย, จุดอ่อน, จุดแข็ง, ปัญหาการเรียนรู้, ช่องว่าง, ขาดความรู้, ขาดทักษะ, ตรวจสอบปัญหา",,,
,,Prior Knowledge Assessment,Recall / prerequisite test,ตรวจความรู้และความเข้าใจเดิมที่นักเรียนมีอยู่ก่อนเรียนเรื่องใหม่,"ความรู้เดิม, ประสบการณ์เดิม, ความเข้าใจเดิม, ก่อนเรียน, สิ่งที่รู้อยู่แล้ว, ความรู้พื้นฐาน",,,
,Formative,Formative Assessment,Questioning / Observation / Mini-task,ตรวจความก้าวหน้าและความเข้าใจระหว่างเรียน เพื่อปรับการสอน,"ระหว่างเรียน, ตรวจสอบความเข้าใจ, ติดตามความก้าวหน้า, ปรับการสอน, feedback, ระหว่างกิจกรรม",,,
,,Exit Ticket,Short response,ตรวจความเข้าใจหลังจบบทเรียน/กิจกรรมอย่างรวดเร็ว และดูสิ่งที่ยังไม่เข้าใจ,"ท้ายคาบ, ก่อนออกจากห้อง, สิ่งที่เรียนรู้, สิ่งที่ยังไม่เข้าใจ, สรุปบทเรียน, exit ticket",,,
,,Hinge Question,Key conceptual question,ตรวจความเข้าใจ ณ จุดสำคัญของบทเรียนเพื่อใช้ตัดสินใจว่าจะสอนต่อหรือย้อนกลับ,"คำถามจุดตัดสินใจ, เช็กความเข้าใจ, ตัดสินใจสอนต่อ, หยุดตรวจสอบ, misconception, ทุกคนตอบ",,,
,,Concept Check,MCQ / confidence / explanation,ตรวจว่านักเรียนเข้าใจแนวคิดหลักจริงหรือไม่ โดยเฉพาะแนวคิดที่มักเข้าใจผิด,"ตรวจแนวคิด, ความเข้าใจแนวคิด, concept, misconception, จำแนก, อธิบายความหมาย, เชื่อมโยง",,,
,Feedback,Teacher Feedback,Strength / Gap / Next step,ให้ข้อมูลแก่นักเรียนเกี่ยวกับคุณภาพ/ความถูกต้องของผลงานและสิ่งที่ควรพัฒนา,"ข้อเสนอแนะจากครู, feedback, จุดเด่น, จุดที่ควรปรับปรุง, คำแนะนำ, แสดงความคิดเห็น",,,
,,Corrective Feedback,Error → Correction,ตรวจข้อผิดพลาดและช่วยให้นักเรียนแก้ไขความเข้าใจหรือวิธีทำที่ผิด,"ข้อผิดพลาด, แก้ไข, คำตอบผิด, misconception, correction, แก้คำตอบ, ทำใหม่",,,
,,Feed Forward,Next action,ชี้สิ่งที่นักเรียนควรทำต่อไปเพื่อพัฒนาผลงาน/การเรียนรู้ในอนาคต,"ขั้นต่อไป, สิ่งที่ควรทำต่อ, พัฒนาต่อ, เป้าหมายถัดไป, next step, improvement",,,
,Peer / Self,Self-Assessment,Checklist / Rubric / Reflection,ตรวจความสามารถของนักเรียนในการประเมินความรู้/ผลงานและความก้าวหน้าของตนเอง,"ประเมินตนเอง, ตรวจตนเอง, สะท้อนคิด, จุดแข็ง, จุดอ่อน, ความก้าวหน้า, rubric ตนเอง",,,
,,Peer Assessment,Peer rubric / feedback,ตรวจคุณภาพผลงาน/ความเข้าใจผ่านการประเมินโดยเพื่อน และพัฒนาการให้เหตุผล/feedback,"ประเมินเพื่อน, เพื่อนให้ feedback, peer review, rubric, เกณฑ์ประเมิน, ข้อเสนอแนะ",,,
,Performance,Performance Assessment,Task / Experiment / Investigation,ตรวจความสามารถในการนำความรู้และทักษะไปปฏิบัติจริงหรือทำภารกิจที่ซับซ้อน,"ปฏิบัติจริง, ลงมือทำ, ภาระงาน, performance, แสดงความสามารถ, กระบวนการ, ผลงาน",,,
,,Practical Assessment,Experiment / Lab,ตรวจทักษะการปฏิบัติทางวิทยาศาสตร์และการใช้เครื่องมือ/กระบวนการจริง,"ทดลอง, ใช้อุปกรณ์, วัด, สังเกต, ปฏิบัติการ, ทักษะปฏิบัติ, ความปลอดภัย",,,
,,Project Assessment,Product / Process / Presentation,ตรวจความสามารถในการทำโครงงานตั้งแต่การวางแผน กระบวนการ ไปจนถึงผลงาน/ผลลัพธ์,"โครงงาน, วางแผน, กระบวนการ, ผลงาน, รายงาน, นำเสนอ, ผลลัพธ์, rubric",,,
,Evidence / Reasoning,CER Assessment,Claim / Evidence / Reasoning,ตรวจความสามารถในการสร้างข้อกล่าวอ้าง ใช้หลักฐาน และให้เหตุผลเชื่อมหลักฐานกับข้อกล่าวอ้าง,"Claim, Evidence, Reasoning, ข้อกล่าวอ้าง, หลักฐาน, เหตุผล, สนับสนุนคำตอบ",,,
,,Data Interpretation Task,Graph / Table / Dataset,ตรวจความสามารถในการอ่าน วิเคราะห์ ตีความ และสรุปข้อมูล,"อ่านกราฟ, อ่านตาราง, วิเคราะห์ข้อมูล, ตีความข้อมูล, แนวโน้ม, รูปแบบ, สรุปจากข้อมูล",,,
,,Argumentation Assessment,Claim / Evidence / Reasoning / Counterargument,ตรวจความสามารถในการสร้าง ประเมิน หรือโต้แย้งข้อกล่าวอ้างโดยใช้หลักฐานและเหตุผล,"โต้แย้ง, ข้อกล่าวอ้าง, หลักฐาน, เหตุผล, สนับสนุน, คัดค้าน, เปรียบเทียบข้อกล่าวอ้าง",,,
,Progression,Pre–Post Assessment,Pre / Post,ตรวจการเปลี่ยนแปลง/พัฒนาการของความรู้หรือทักษะก่อนและหลังการเรียน,"ก่อนเรียน, หลังเรียน, pre-test, post-test, เปรียบเทียบผล, พัฒนาการ, การเปลี่ยนแปลง",,,
,,Repeated Assessment,Multiple time points,ตรวจความก้าวหน้าอย่างต่อเนื่องและดูแนวโน้มการเรียนรู้หลายช่วงเวลา,"ประเมินซ้ำ, หลายครั้ง, ติดตาม, ความก้าวหน้า, แนวโน้ม, ต่อเนื่อง, progress",,,
,,Mastery Assessment,Criterion/mastery threshold,ตรวจว่านักเรียนบรรลุเกณฑ์หรือความสามารถที่กำหนดจนถึงระดับที่ยอมรับได้หรือไม่,"บรรลุเกณฑ์, mastery, ผ่านเกณฑ์, ความชำนาญ, เกณฑ์ขั้นต่ำ, competency, ทำได้ตามเกณฑ์",,,
,Summative,Achievement Test,Knowledge / Application,ตรวจระดับผลสัมฤทธิ์ทางการเรียนหลังการเรียนรู้เนื้อหาหรือหน่วยการเรียน,"ผลสัมฤทธิ์, ความรู้, ความเข้าใจ, เนื้อหา, คะแนนสอบ, หลังเรียน, achievement",,,
,,Standardized Assessment,Standard / Benchmark,ตรวจผลการเรียนรู้ด้วยเครื่องมือและเกณฑ์มาตรฐานที่ใช้เหมือนกันเพื่อเปรียบเทียบระหว่างผู้เรียน/กลุ่ม,"แบบทดสอบมาตรฐาน, มาตรฐานเดียวกัน, เกณฑ์มาตรฐาน, เปรียบเทียบ, คะแนนมาตรฐาน, standardized test",,,