method_id,db_category,major_type,name_en,name_th,variant,steps,duration_min,materials,requires_lab,requires_internet,class_size_min,class_size_max,grade_band,plan_stage,addresses_misc,when_to_use,not_suitable_when,compatible_with,incompatible_with,evidence_strength,evidence_note,status
T-CC-01,strategy,Conceptual,Cognitive Conflict,การสร้างความขัดแย้งทางความคิด,Prediction → Evidence → Revision,ให้นักเรียนเขียนคำทำนายรายบุคคลก่อน;แสดงหลักฐานที่ขัดกับคำทำนาย;ให้นักเรียนแก้คำอธิบายเดิมของตนเองเป็นลายลักษณ์อักษร,15,กระดาษเขียนคำทำนาย,FALSE,FALSE,1,45,ป.4-ม.3,ขั้นนำ,M-PHOTO-01;M-PHOTO-02,ความเข้าใจผิดมี persistence สูง นักเรียนเชื่อเรื่องเดิมอยู่แล้วและการอธิบายซ้ำไม่ทำให้เปลี่ยน,เหลือเวลาในคาบน้อยกว่า 15 นาที หรือนักเรียนยังไม่มีความเชื่อเดิมเรื่องนั้นให้ขัดแย้ง,A-PRED-01;X-DIAG-01;A-MODREV-01,,สูง,ฐานงานวิจัย conceptual change ในบริบทตะวันตก ยังไม่มีการทดสอบซ้ำในไทย,draft
T-CCH-01,strategy,Conceptual,Conceptual Change,การเปลี่ยนโครงสร้างความเข้าใจ,Elicit → Conflict → Reconstruct,ดึงความเข้าใจเดิมออกมาให้เห็นก่อน;สร้างสถานการณ์ที่ความเข้าใจเดิมอธิบายไม่ได้;ให้นักเรียนประกอบคำอธิบายใหม่ทั้งชุด,20,ใบกิจกรรมสองคอลัมน์ ก่อนเรียน-หลังเรียน,FALSE,FALSE,1,45,ม.1-ม.6,ขั้นสอน,M-PHOTO-03,ความเข้าใจผิดเป็นโครงสร้างทั้งชุดไม่ใช่ข้อเท็จจริงเดี่ยว การแก้จุดเดียวแล้วส่วนที่เหลือยังผิดอยู่,คาบเดียวไม่พอ ต้องมีอย่างน้อย 20 นาทีต่อเนื่อง,A-EXP-01;X-HINGE-01,T-EI-01,สูง,งานวิจัย Posner และสายต่อมา เป็นบริบทตะวันตก,draft
T-CM-01,strategy,Conceptual,Concept Mapping,การทำแผนผังแนวคิด,Hierarchy / Relationship map,ให้เขียนคำสำคัญลงกระดาษ;ลากเส้นเชื่อมพร้อมเขียนกำกับว่าความสัมพันธ์คืออะไร;ครูตรวจเฉพาะป้ายกำกับเส้น,15,กระดาษเปล่าและปากกา,FALSE,FALSE,1,45,ป.4-ม.6,ขั้นสรุป,M-PHOTO-04;M-PHOTO-06,นักเรียนจำองค์ประกอบได้แต่แยกไม่ออกว่าอะไรเป็นพลังงาน อะไรเป็นสาร อะไรเป็นผลผลิต,นักเรียนยังไม่รู้จักคำศัพท์หลักของหน่วยนี้เลย,T-MR-01;X-EXIT-01,,ปานกลาง,ผลต่อการเรียนรู้มโนทัศน์ชัดกว่าผลต่อคะแนนสอบรวม,draft
T-SQ-01,strategy,Reasoning,Socratic Questioning,การใช้คำถามสืบสาว,Probe / Why / Evidence / Counterexample,ถามว่าเพื่ออะไร;ถามต่อว่ารู้ได้อย่างไร;ยกตัวอย่างค้านที่ความเชื่อเดิมอธิบายไม่ได้,10,ไม่ต้องใช้อุปกรณ์,FALSE,FALSE,1,45,ป.4-ม.6,ขั้นสอน,M-PHOTO-05,นักเรียนอธิบายแบบมีจุดมุ่งหมาย ว่าสิ่งมีชีวิตทำสิ่งนั้นเพื่อผู้อื่น,ห้องที่นักเรียนยังไม่กล้าตอบ ครูจะได้ความเงียบแทนคำตอบ,T-PI-01;X-EXIT-01,,ปานกลาง,หลักฐานส่วนใหญ่เป็นงานเชิงคุณภาพในห้องเรียน,draft
T-MR-01,strategy,Visual / Representation,Multiple Representations,การใช้ตัวแทนหลายรูปแบบ,Text / Graph / Model / Diagram,แสดงเรื่องเดียวกันด้วยคำ สมการ และแผนภาพ;ให้นักเรียนแปลงจากรูปแบบหนึ่งไปอีกรูปแบบ;ชี้จุดที่แปลงแล้วข้อมูลหาย,15,กระดานหรือใบงานที่มีสามช่อง,FALSE,FALSE,1,45,ม.1-ม.6,ขั้นสอน,M-PHOTO-06;M-PHOTO-04,นักเรียนเขียนสมการได้แต่ตกผลผลิตบางตัว หรือเข้าใจจากรูปแบบเดียวไม่ครบ,เวลาน้อยกว่า 10 นาที เพราะต้องใช้อย่างน้อยสองรูปแบบจึงจะเกิดการเทียบ,T-CM-01;A-MODREV-01,,ปานกลาง,ผลชัดในวิชาที่มีสัญลักษณ์มาก เช่น เคมีและฟิสิกส์,draft
T-DC-01,strategy,Visual / Representation,Dual Coding,การเข้ารหัสคู่ ภาพกับคำ,Verbal + Visual,ให้ดูแผนภาพพร้อมคำอธิบายสั้นในภาพเดียวกัน;ให้นักเรียนวาดลูกศรเองแล้วเขียนกำกับ;เทียบลูกศรของนักเรียนกับของจริง,10,กระดาษวาดแผนภาพ,FALSE,FALSE,1,45,ป.1-ม.6,ขั้นสอน,M-PHOTO-01;M-PHOTO-04,ความเข้าใจผิดเห็นได้จากทิศทางลูกศรที่นักเรียนวาด เช่น ลากลูกศรอาหารจากดินขึ้นสู่ใบ,เนื้อหาที่ไม่มีองค์ประกอบเชิงพื้นที่ให้วาด,T-MR-01;A-MODREV-01,,ปานกลาง,หลักฐานหนักไปทางความจำระยะสั้นมากกว่าการเปลี่ยนมโนทัศน์,draft
T-PI-01,strategy,Collaboration,Peer Instruction,การสอนโดยเพื่อน,Individual → Peer discussion → Re-answer,ให้ตอบคำถามรายบุคคลก่อน;จับคู่กับคนที่ตอบต่างกันแล้วให้โน้มน้าวกัน;ตอบใหม่อีกครั้ง,10,การ์ดตัวเลือกหรือยกมือ,FALSE,FALSE,8,45,ม.1-ม.6,ขั้นสอน,M-PHOTO-01;M-PHOTO-03;M-PHOTO-05,ต้องการให้ความเข้าใจผิดโผล่ออกมาเป็นเสียงพูดของนักเรียนเอง และห้องมีคำตอบกระจายพอ,ห้องเล็กกว่า 8 คน คำตอบจะไม่กระจายพอให้เกิดการโต้แย้ง,X-CC-01;X-HINGE-01,,สูง,ฐานหลักฐานแข็งในระดับอุดมศึกษา ระดับมัธยมมีน้อยกว่า,draft
T-CER-01,strategy,Reasoning,Scientific Argumentation,การให้เหตุผลทางวิทยาศาสตร์,Claim–Evidence–Reasoning,ให้เขียนข้อกล่าวอ้าง;ให้ระบุหลักฐานที่ใช้;ให้เขียนเหตุผลที่เชื่อมสองส่วนนั้น,20,ใบงานสามช่อง,FALSE,FALSE,1,45,ม.1-ม.6,ขั้นสรุป,M-PHOTO-02;M-PHOTO-06,นักเรียนตอบถูกแต่อธิบายไม่ได้ว่ารู้ได้อย่างไร จึงแยกไม่ออกว่าเข้าใจจริงหรือจำมา,นักเรียนยังไม่เคยเห็นโครงสร้าง CER มาก่อนและเหลือเวลาไม่ถึง 20 นาที,A-EVID-01;T-CM-01,,สูง,เป็นทั้งวิธีสอนและหลักฐานประกอบ ว.PA ตัวชี้วัด 1.5,draft
T-EI-01,strategy,Explicit teaching,Explicit Instruction,การสอนตรงอย่างเป็นขั้นตอน,Modelling / Guided practice / Independent practice,ครูอธิบายและทำให้ดู;ฝึกร่วมกัน;ให้ทำเอง,10,ไม่ต้องใช้อุปกรณ์,FALSE,FALSE,1,45,ป.1-ม.6,ขั้นสอน,M-PHOTO-06,ความเข้าใจผิดมี persistence ปานกลางหรือต่ำ เป็นการจำตกหล่นมากกว่าความเชื่อที่ฝังลึก จึงไม่ต้องใช้กิจกรรมหนัก,ความเข้าใจผิดที่ persistence สูง การอธิบายซ้ำจะไม่เปลี่ยนอะไรและกินเวลาเปล่า,X-CC-01,T-CCH-01,สูง,ใช้เป็นตัวเปรียบเทียบต้นทุนต่ำ ไม่ใช่ทางเลือกแรกสำหรับความเชื่อที่ฝังลึก,draft
A-PRED-01,activity,Reasoning,Prediction,กิจกรรมทำนายแล้วตรวจสอบ,Predict → Test → Revise,ให้เขียนคำทำนายพร้อมเหตุผล;เปิดหลักฐานหรือผลการทดลอง;ให้แก้คำทำนายเดิมและระบุว่าเปลี่ยนเพราะอะไร,10,กระดาษคนละแผ่น,FALSE,FALSE,1,45,ป.1-ม.6,ขั้นนำ,M-PHOTO-01;M-PHOTO-02;M-PHOTO-03,ต้องการดึงความเชื่อเดิมออกมาก่อนสอน และต้องการหลักฐานก่อนเรียนสำหรับ ว.PA,ครูเฉลยก่อนให้นักเรียนทำนาย ซึ่งทำให้กิจกรรมนี้ไม่มีผล,T-CC-01;X-DIAG-01,,สูง,คู่กับ T-CC-01 เสมอ ใช้เดี่ยวจะได้แค่ความสนใจ ไม่ได้การเปลี่ยนความเข้าใจ,draft
A-EXP-01,activity,Investigation,Experiment,การทดลองเปรียบเทียบ,Controlled / Comparative,ตั้งชุดควบคุมและชุดทดลอง;บันทึกการเปลี่ยนสีหรือผลที่สังเกตได้;เทียบสองชุดแล้วสรุป,25,สารละลายบรอมไทมอลบลู;หลอดทดลอง;สาหร่ายน้ำจืด;กล่องทึบแสง,TRUE,FALSE,1,45,ม.1-ม.6,ขั้นสอน,M-PHOTO-03,ต้องการหลักฐานตรงว่าพืชปล่อยแก๊สทั้งที่มีแสงและไม่มีแสง ซึ่งเป็นจุดที่ความเชื่อเรื่องสลับกลางวันกลางคืนพัง,โรงเรียนไม่มีสารเคมีหรืออุปกรณ์ ให้ใช้ T-CC-01 กับข้อมูลสำเร็จรูปแทน,T-CCH-01;X-HINGE-01,,สูง,ต้องมีวัสดุ ระบบต้องลดอันดับวิธีนี้ถ้าครูเคยปฏิเสธด้วยเหตุผลไม่มีอุปกรณ์,draft
A-EVID-01,activity,Reasoning,Evidence Evaluation,การประเมินหลักฐาน,Compare evidence / claims,แจกข้อมูลการทดลองที่ทำไว้แล้ว;ให้ตัดสินว่าข้อกล่าวอ้างใดที่ข้อมูลนี้สนับสนุน;ให้ระบุว่าข้อมูลยังขาดอะไร,15,ชุดข้อมูลพิมพ์แจก,FALSE,FALSE,1,45,ม.1-ม.6,ขั้นสอน,M-PHOTO-02,ต้องการหลักฐานที่กินเวลานานเกินกว่าจะทดลองในคาบ เช่น การเพิ่มมวลของต้นไม้,นักเรียนอ่านตารางข้อมูลยังไม่คล่อง ต้องใช้ T-MR-01 นำก่อน,T-CER-01,,ปานกลาง,ใช้ข้อมูลการทดลองคลาสสิกแทนการทดลองจริง เหมาะกับโรงเรียนที่ไม่มีห้องปฏิบัติการ,draft
A-MODREV-01,activity,Conceptual,Model Revision,การปรับแบบจำลอง,Initial → Evidence → Revised,ให้วาดแบบจำลองความเข้าใจเดิม;เก็บไว้;หลังได้หลักฐานให้วาดใหม่แล้ววางเทียบสองใบ,15,กระดาษสองแผ่นต่อคน,FALSE,FALSE,1,45,ป.4-ม.6,ขั้นสรุป,M-PHOTO-01;M-PHOTO-06,ต้องการหลักฐานเชิงคุณภาพว่าความเข้าใจเปลี่ยนไปจริง ซึ่งใช้ได้กับ ว.PA ส่วนที่ 2 ข้อ 3.2,ไม่ได้เก็บแบบจำลองใบแรกไว้ ทำให้เทียบไม่ได้,T-CC-01;T-DC-01,,ปานกลาง,ให้หลักฐานเชิงคุณภาพ ไม่ให้ตัวเลข ต้องคู่กับ X-CC-01 ถ้าต้องการเชิงปริมาณ,draft
A-EXPL-01,activity,Explanation,Student Explanation,การให้นักเรียนอธิบาย,Oral / Written / Diagram,ตั้งคำถามที่ต้องอธิบายไม่ใช่ตอบสั้น;ให้เขียนหรือวาดคำอธิบาย;ครูอ่านหาคำที่บ่งชี้ความเข้าใจผิด,10,กระดาษคนละแผ่น,FALSE,FALSE,1,45,ป.1-ม.6,ขั้นสรุป,M-PHOTO-01;M-PHOTO-02;M-PHOTO-05,ต้องการเห็นคำพูดของนักเรียนเอง เพราะความเข้าใจผิดสามข้อนี้ตรวจจากคำที่ใช้ได้ง่ายกว่าจากข้อถูกผิด,ห้องใหญ่และครูไม่มีเวลาอ่านทุกใบ ให้สุ่มอ่านแทนหรือใช้ X-EXIT-01,T-SQ-01;X-EXIT-01,,ปานกลาง,คุณภาพขึ้นกับคำถามที่ตั้ง คำถามปลายปิดจะไม่ได้อะไร,draft
X-DIAG-01,assessment,Diagnostic,Diagnostic Assessment,การวัดเพื่อวินิจฉัย,Misconception probe,ใช้ข้อวัดจากคลัง ITEM ที่ตัวลวงผูกกับ misconception_id;ให้ทำก่อนสอน;อ่านผลรายตัวลวงไม่ใช่รายคะแนน,10,ข้อวัดจาก DB6 พิมพ์แจก,FALSE,FALSE,1,45,ป.1-ม.6,ขั้นนำ,M-PHOTO-01;M-PHOTO-02;M-PHOTO-03;M-PHOTO-04;M-PHOTO-05;M-PHOTO-06,ต้องการรู้ว่าห้องนี้ติดข้อไหนก่อนตัดสินใจว่าจะแทรกวิธีใด และต้องการฐานก่อนเรียนสำหรับ ว.PA,ตัวชี้วัดนี้ยังไม่มีข้อวัดในคลัง ระบบต้องบอกตรงๆ ว่าไม่มี ไม่ใช่สร้างข้อขึ้นเอง,A-PRED-01;X-CC-01,,สูง,อ่านผลรายตัวลวง คะแนนรวมไม่บอกว่าติดอะไร,draft
X-HINGE-01,assessment,Formative,Hinge Question,คำถามจุดตัดสินใจ,Key conceptual question,ถามคำถามเดียวที่ทุกคนต้องตอบพร้อมกัน;ดูสัดส่วนคำตอบ;ถ้าเกินเกณฑ์สอนต่อ ถ้าไม่ถึงย้อนกลับ,5,การ์ดตัวเลือกหรือยกมือ,FALSE,FALSE,1,45,ป.4-ม.6,ขั้นสอน,M-PHOTO-03;M-PHOTO-06,จุดกลางคาบที่ถ้าเข้าใจผิดแล้วสอนต่อไปจะพังทั้งท่อน,ครูไม่ได้เตรียมแผนสำรองไว้ว่าถ้าไม่ผ่านเกณฑ์จะทำอะไรต่อ,T-PI-01;A-EXP-01,,ปานกลาง,คุณค่าอยู่ที่การเตรียมทางแยกไว้ล่วงหน้า ไม่ใช่ที่ตัวคำถาม,draft
X-CC-01,assessment,Formative,Concept Check,การตรวจมโนทัศน์,MCQ / confidence / explanation,ใช้ข้อวัดที่ตัวลวงผูกกับ misconception_id;ให้ระบุความมั่นใจด้วย;อ่านคู่คำตอบกับความมั่นใจ,5,ข้อวัดจาก DB6,FALSE,FALSE,1,45,ป.1-ม.6,ขั้นสรุป,M-PHOTO-01;M-PHOTO-02;M-PHOTO-03;M-PHOTO-04;M-PHOTO-05;M-PHOTO-06,ต้องการตัวเลขเชิงปริมาณเทียบกับผลก่อนเรียนจาก X-DIAG-01,ใช้ข้อวัดคนละชุดกับตอนก่อนเรียน ทำให้เทียบกันไม่ได้,X-DIAG-01;A-MODREV-01,,สูง,คู่กับ X-DIAG-01 บนข้อวัดชุดเดียวกัน มิฉะนั้นไม่ได้หลักฐานเชิงปริมาณ,draft
X-EXIT-01,assessment,Formative,Exit Ticket,บัตรออกจากห้อง,Short response,ถามหนึ่งคำถามท้ายคาบ;เก็บก่อนออกห้อง;คัดเฉพาะใบที่มีคำบ่งชี้ความเข้าใจผิด,5,กระดาษแผ่นเล็ก,FALSE,FALSE,1,45,ป.1-ม.6,ขั้นสรุป,M-PHOTO-04;M-PHOTO-05,เหลือเวลาท้ายคาบไม่เกิน 5 นาที และต้องการรู้ว่าใครยังติดอยู่,ครูไม่ได้อ่านใบก่อนคาบถัดไป ซึ่งทำให้เก็บไปก็ไม่มีผล,T-CM-01;A-EXPL-01,,ปานกลาง,ต้นทุนต่ำที่สุดในตาราง ใช้เมื่อไม่มีเวลาทำอย่างอื่น,draft
P-INQ-02,model,Inquiry,Inquiry-Based Learning,การสืบเสาะแบบชี้แนะ,Guided Inquiry,ครูตั้งคำถาม;นักเรียนออกแบบวิธีหาคำตอบบางส่วน;รวบรวมหลักฐานและสรุป,50,ขึ้นกับคำถามที่ตั้ง,FALSE,FALSE,1,45,ม.1-ม.6,ทั้งแผน,M-PHOTO-02;M-PHOTO-03,ออกแบบทั้งแผนใหม่ ไม่ใช่แทรกจุดเดียว และมีเวลามากกว่าหนึ่งคาบ,แทรกลงในแผนที่เขียนเสร็จแล้ว เพราะจะต้องรื้อทั้งแผน,A-EXP-01;T-CER-01,T-EI-01,สูง,เป็นโครงระดับแผน ระบบไม่ควรเสนอเป็นการแทรกในแผนที่มีอยู่แล้ว,draft
P-PHEN-02,model,Phenomenon-centered,Phenomenon-Based Learning,การเรียนจากปรากฏการณ์,Explanation,เริ่มจากปรากฏการณ์ที่นักเรียนเห็นได้จริง;ให้สร้างคำอธิบายด้วยหลักฐาน;เทียบคำอธิบายกับหลักการ,50,ต้นไม้หรือภาพถ่ายในบริเวณโรงเรียน,FALSE,FALSE,1,45,ป.1-ม.6,ทั้งแผน,M-PHOTO-01;M-PHOTO-05,ต้องการยึดเนื้อหากับสิ่งที่นักเรียนเห็นในบริบทท้องถิ่น และโรงเรียนไม่มีอุปกรณ์ทดลอง,ปรากฏการณ์ที่ยกมาไม่มีในพื้นที่ของโรงเรียนนั้น,A-EXPL-01;T-SQ-01,,ปานกลาง,เหมาะกับโรงเรียนขนาดเล็กที่ไม่มีห้องปฏิบัติการ,draft
T-WE-01,strategy,Explicit teaching,Worked Examples,ตัวอย่างวิธีคิดแบบแสดงขั้นตอน,Full → Partial → Independent,ครูแสดงโจทย์พร้อมอธิบายเหตุผลทีละขั้น;ให้นักเรียนเติมขั้นตอนที่เว้นไว้ในตัวอย่างคล้ายกัน;ให้นักเรียนทำโจทย์ใหม่ด้วยตนเอง,15,ตัวอย่างโจทย์สามระดับ,FALSE,FALSE,1,45,ป.4-ม.6,ขั้นสอน,,นักเรียนเป็นผู้เริ่มต้นและยังไม่รู้ว่าจะเริ่มแก้โจทย์จากตรงไหน,นักเรียนชำนาญขั้นตอนแล้วเพราะตัวอย่างมากเกินไปอาจลดการคิดด้วยตนเอง,T-EI-01;T-FADE-01,,สูง,หลักฐานรองรับผู้เริ่มต้นและการค่อยลดขั้นตอน แต่ต้องเปลี่ยนไปสู่การลงมือแก้โจทย์,draft
T-SCAF-01,strategy,Scaffolding,Instructional Scaffolding,การช่วยพยุงการเรียนรู้,Prompt / Hint / Cue / Model,กำหนดงานเป้าหมายที่นักเรียนยังทำเองไม่ได้;ให้คำใบ้ระดับต่ำสุดที่ช่วยให้เดินต่อ;ลดความช่วยเหลือทันทีเมื่อนักเรียนเริ่มทำได้,15,บัตรคำใบ้สามระดับ,FALSE,FALSE,1,45,ป.1-ม.6,ขั้นสอน,,นักเรียนเข้าใจเป้าหมายแต่ติดบางขั้นและยังทำงานซับซ้อนเองไม่ได้,ครูให้คำตอบแทนหรือใช้คำใบ้ระดับเดิมกับทุกคนโดยไม่ตรวจว่าต้องการความช่วยเหลือแค่ไหน,T-GRR-01;T-FADE-01,,ปานกลาง,งานทบทวนชี้ว่า contingency การลดความช่วยเหลือ และการส่งต่อความรับผิดชอบเป็นเงื่อนไขหลัก,draft
T-GRR-01,strategy,Scaffolding,Gradual Release,การค่อยส่งต่อความรับผิดชอบ,I do → We do → You do,ครูทำให้ดูพร้อมพูดเหตุผล;ครูกับนักเรียนทำตัวอย่างร่วมกัน;นักเรียนทำเองและครูตรวจเฉพาะจุดติด,30,ตัวอย่างและงานฝึกสามช่วง,FALSE,FALSE,1,45,ป.1-ม.6,ทั้งแผน,,ต้องการเปลี่ยนจากการดูครูทำไปสู่การทำงานด้วยตนเองภายในคาบเดียว,เวลาไม่พอสำหรับช่วงทำร่วมกันและช่วงทำเอง หรือใช้เป็นลำดับตายตัวโดยไม่ดูความพร้อม,T-EI-01;T-SCAF-01,,ต่ำ,เป็นโมเดลที่ใช้แพร่หลายแต่หลักฐานตรงต่อโมเดลทั้งชุดยังจำกัด จึงควรใช้เป็นโครงวางลำดับไม่ใช่คำรับประกันผล,draft
T-FADE-01,strategy,Scaffolding,Fading,การค่อยลดตัวช่วย,High support → Reduced prompts → Independent,เริ่มด้วยตัวช่วยที่ทำให้นักเรียนทำงานสำเร็จได้;ตัดคำใบ้หรือขั้นตอนออกทีละส่วน;ตรวจว่านักเรียนยังทำได้ก่อนลดตัวช่วยรอบถัดไป,15,ใบงานที่ลดคำใบ้เป็นลำดับ,FALSE,FALSE,1,45,ป.4-ม.6,ขั้นสอน,,นักเรียนทำได้เมื่อมีตัวช่วยแต่ยังพึ่งพาตัวช่วยมากเกินไป,ลดตัวช่วยตามเวลาแทนที่จะลดตามผลงานจริงของนักเรียน,T-WE-01;T-SCAF-01,,สูง,งานทดลองเรื่อง worked examples สนับสนุนการค่อยลดขั้นตอนเมื่อมี feedback และงานฝึกต่อเนื่อง,draft
A-RP-02,strategy,Memory,Retrieval Practice,การฝึกดึงความรู้จากความจำ,Low-stakes recall / Quiz / Flashcards,ปิดหนังสือและให้ตอบคำถามสั้นจากความจำ;ให้ตรวจคำตอบพร้อม feedback ทันที;ให้ตอบซ้ำเฉพาะข้อที่ยังเรียกคืนไม่ได้,8,กระดาษคำถามสั้น,FALSE,FALSE,1,45,ป.1-ม.6,ขั้นนำ,,นักเรียนเคยเรียนเนื้อหานี้แล้วแต่จำหรือเรียกใช้ความรู้ไม่ได้,ใช้กับเนื้อหาที่ยังไม่เคยสอนหรือให้คะแนนสูงจนผู้เรียนกลัวการผิด,A-SPACED-01;X-CC-01,,สูง,หลักฐานสังเคราะห์รองรับการฝึกดึงความรู้และ feedback สำหรับการคงอยู่ของความรู้,draft
A-SPACED-01,strategy,Memory,Spaced Practice,การทบทวนแบบเว้นระยะ,Distributed review,เลือกความรู้สำคัญจากคาบก่อน;ถามทบทวนสั้นต้นคาบ;นำข้อที่ตอบผิดกลับมาถามในคาบถัดไป,7,ชุดคำถามทบทวนหมุนเวียน,FALSE,FALSE,1,45,ป.1-ม.6,ขั้นนำ,,นักเรียนจำได้หลังสอนแต่ลืมเมื่อเวลาผ่านไปและมีหลายคาบต่อเนื่อง,ใช้ทบทวนทั้งหมดในคาบเดียวหรือไม่มีแผนว่าจะนำเนื้อหากลับมาเมื่อใด,A-RP-02;A-INTER-01,,สูง,งานทบทวนและ meta-analysis สนับสนุนการเว้นระยะ โดยผลขึ้นกับช่วงห่างและการเรียกคืนจริง,draft
A-INTER-01,strategy,Memory,Interleaving,การฝึกสลับประเภทโจทย์,Mixed problem sets,เลือกโจทย์สองถึงสามชนิดที่นักเรียนต้องแยกวิธี;สลับลำดับโดยไม่บอกประเภทโจทย์;ให้นักเรียนอธิบายเหตุผลที่เลือกวิธี,15,ชุดโจทย์คละประเภท,FALSE,FALSE,1,45,ป.4-ม.6,ขั้นสอน,,นักเรียนทำได้เมื่อโจทย์ชนิดเดียวเรียงกันแต่เลือกวิธีไม่ถูกเมื่อโจทย์คละกัน,นักเรียนยังไม่เคยฝึกแต่ละชนิดแยกกันจนเข้าใจพื้นฐาน,A-RP-02;A-SPACED-01,,ปานกลาง,งานทดลองด้านวิทยาศาสตร์สนับสนุนการสลับร่วมกับ retrieval แต่เงื่อนไขและเนื้อหามีผลต่อผลลัพธ์,draft
T-DIAL-01,strategy,Reasoning,Dialogic Teaching,การสอนด้วยบทสนทนาเชิงเหตุผล,Open questions / Build on ideas / Challenge,ตั้งคำถามปลายเปิดที่มีหลายคำอธิบายได้;ให้นักเรียนต่อยอดหรือโต้แย้งแนวคิดของเพื่อนด้วยเหตุผล;ครูสรุปจุดที่หลักฐานสนับสนุนและจุดที่ยังไม่ลงตัว,15,คำถามหลักหนึ่งข้อ,FALSE,FALSE,1,45,ป.1-ม.6,ขั้นสอน,,นักเรียนตอบสั้นและยังไม่อธิบายเหตุผลหรือไม่ฟังแนวคิดของเพื่อน,ใช้คำถามปลายเปิดแต่ครูเป็นคนตอบเกือบทั้งหมดหรือไม่มีข้อตกลงการสนทนา,T-SQ-01;T-CER-01,,ปานกลาง,มีงานทดลองแบบสุ่มในโรงเรียนประถม แต่ต้องอาศัยการพัฒนาครูและการดำเนินการต่อเนื่อง,draft
T-PTUT-01,strategy,Collaboration,Peer Tutoring,การติวโดยเพื่อน,Same-age / Reciprocal / Cross-age,จับคู่และกำหนดบทบาทผู้สอนกับผู้เรียน;ให้ผู้สอนใช้คำถามหรือกรอบอธิบายที่ครูเตรียม;สลับบทบาทและตรวจความถูกต้องร่วมกัน,15,บัตรคำถามและเฉลยสำหรับผู้สอน,FALSE,FALSE,2,45,ป.1-ม.6,ขั้นสอน,,นักเรียนบางคนต้องการคำอธิบายซ้ำและกลุ่มมีเพื่อนที่ฝึกบทบาทผู้สอนได้,ใช้สอนเนื้อหาใหม่โดยไม่มีการฝึกผู้สอนหรือปล่อยให้เพื่อนส่งต่อคำตอบผิด,T-PI-01;T-TPS-01,,สูง,หลักฐานสังเคราะห์ในวัยเรียนสนับสนุนโดยเฉพาะการทบทวนและการจัดโครงสร้างบทบาท,draft
T-TPS-01,strategy,Collaboration,Think-Pair-Share,คิดคนเดียว จับคู่ แล้วแบ่งปัน,Think → Pair → Share,ให้ทุกคนคิดและเขียนคำตอบคนเดียวก่อน;จับคู่เปรียบเทียบเหตุผลและสร้างคำตอบร่วม;สุ่มคู่แบ่งปันต่อห้อง,8,คำถามหนึ่งข้อและกระดาษคำตอบ,FALSE,FALSE,2,45,ป.1-ม.6,ขั้นนำ,,นักเรียนไม่กล้าตอบต่อหน้าห้องหรือมีเพียงคนเดิมที่ตอบ,ข้ามช่วงคิดคนเดียวหรือไม่กำหนดสิ่งที่คู่ต้องสร้างร่วมกัน,T-PI-01;T-PTUT-01,,ต่ำ,หลักฐานของ collaborative learning เป็นบวกโดยเฉลี่ย แต่หลักฐานเฉพาะ Think-Pair-Share ยังจำกัดและขึ้นกับการจัดโครงสร้าง,draft
T-DIFF-01,strategy,Differentiation,Differentiated Instruction,การสอนแบบแตกต่างตามความพร้อม,Content / Process / Product,ใช้หลักฐานสั้นแบ่งความพร้อมที่เกี่ยวกับเป้าหมาย;ปรับงานหรือการช่วยเหลือโดยคงเป้าหมายเดียวกัน;ตรวจผลด้วยเกณฑ์ร่วมและปรับกลุ่มใหม่,30,งานสองถึงสามระดับ,FALSE,FALSE,1,45,ป.1-ม.6,ทั้งแผน,,ห้องมีความพร้อมต่างกันชัดและครูมีข้อมูลพอแบ่งการช่วยเหลือ,แบ่งตามความรู้สึกหรือให้กลุ่มอ่อนทำเป้าหมายที่ต่ำกว่าถาวร,T-TIER-01;T-FLEX-01,,ปานกลาง,systematic review พบผลบวกขนาดเล็กถึงปานกลางแต่รูปแบบหลากหลายและยังมีช่องว่างหลักฐานมาก,draft
T-TIER-01,strategy,Differentiation,Tiered Tasks,งานหลายระดับที่เป้าหมายเดียวกัน,Readiness tiers,กำหนดผลลัพธ์การเรียนรู้ร่วมหนึ่งข้อ;สร้างงานสองถึงสามระดับที่ต่างด้านตัวช่วยหรือความซับซ้อน;ใช้เกณฑ์เดียวกันตรวจความเข้าใจหลัก,20,ใบงานหลายระดับ,FALSE,FALSE,1,45,ป.1-ม.6,ขั้นสอน,,นักเรียนมีความพร้อมต่างกันแต่ต้องไปถึงแนวคิดหลักเดียวกัน,ระดับงานกลายเป็นป้ายถาวรหรือกลุ่มหนึ่งไม่ได้เรียนแนวคิดหลัก,T-DIFF-01;T-FLEX-01,,ต่ำ,งานทบทวนมักรวม tiering กับวิธีอื่นจึงยังแยกผลของ tiered tasks โดยลำพังไม่ได้,draft
T-FLEX-01,strategy,Differentiation,Flexible Grouping,การจัดกลุ่มแบบยืดหยุ่น,Readiness / Interest / Mixed grouping,เลือกเหตุผลการจัดกลุ่มจากงานชิ้นล่าสุด;กำหนดงานและบทบาทต่างกันตามจุดติด;ยุบและจัดกลุ่มใหม่เมื่อหลักฐานเปลี่ยน,15,บัตรกลุ่มและงานเฉพาะจุด,FALSE,FALSE,2,45,ป.1-ม.6,ขั้นสอน,,นักเรียนติดคนละจุดและครูต้องสอนเสริมเฉพาะจุดพร้อมกัน,ใช้กลุ่มเดิมระยะยาวหรือจัดกลุ่มตามคะแนนรวมโดยไม่ปรับงาน,T-DIFF-01;T-TIER-01,,ต่ำ,หลักฐานสนับสนุนการ differentiation แบบปรับงาน แต่หลักฐานเฉพาะ flexible grouping ยังจำกัด,draft
T-META-01,strategy,Metacognition,Metacognitive Strategy,กลยุทธ์กำกับการคิด,Plan → Monitor → Evaluate,ครูคิดออกเสียงให้เห็นการวางแผน;หยุดกลางงานให้นักเรียนตรวจว่ากลยุทธ์ได้ผลหรือไม่;ท้ายงานให้ระบุสิ่งที่จะปรับครั้งหน้า,10,บัตรคำถามวางแผน ตรวจสอบ และประเมิน,FALSE,FALSE,1,45,ป.1-ม.6,ขั้นสอน,,นักเรียนทำงานโดยไม่วางแผนและไม่ตรวจสอบวิธีของตนเอง,สอนเป็นทักษะคิดลอย ๆ โดยไม่ผูกกับเนื้อหาหรืองานที่ท้าทายจริง,T-SRL-01;T-DIAL-01,,สูง,หลักฐานสังเคราะห์จำนวนมากสนับสนุนเมื่อครูสอนและทำให้ดูอย่างชัดเจนในเนื้อหาปกติ,draft
T-SRL-01,strategy,Metacognition,Self-Regulated Learning,การเรียนรู้แบบกำกับตนเอง,Goal setting / Monitoring / Reflection,ให้นักเรียนตั้งเป้าหมายย่อยที่ตรวจได้;เลือกวิธีและบันทึกความคืบหน้า;สะท้อนผลและกำหนดการปรับครั้งถัดไป,10,แบบบันทึกเป้าหมายหนึ่งหน้า,FALSE,FALSE,1,45,ป.4-ม.6,ขั้นสรุป,,นักเรียนไม่วางแผนเวลา ไม่ติดตามความก้าวหน้า หรือรอครูบอกทุกขั้น,มอบอิสระโดยไม่สอนวิธีตั้งเป้าหมายและตรวจสอบความก้าวหน้า,T-META-01,,สูง,meta-analysis ระดับประถมและมัธยมสนับสนุน intervention ที่สอนกลยุทธ์กำกับตนเองอย่างชัดเจน,draft
T-GAME-01,strategy,Engagement,Gamification,การใช้กลไกเกมเพื่อการมีส่วนร่วม,Points / Badges / Progress / Challenge,กำหนดพฤติกรรมการเรียนรู้ที่ต้องการให้ชัด;ใช้ความก้าวหน้าหรือความท้าทายให้ feedback ระหว่างทำ;ปิดกิจกรรมด้วยการสรุปแนวคิดไม่ใช่สรุปคะแนนเกม,15,ตารางความก้าวหน้าหรือบัตรภารกิจ,FALSE,FALSE,1,45,ป.1-ม.6,ขั้นสอน,,นักเรียนขาดความต่อเนื่องและต้องการ feedback ระหว่างทำงาน,การแข่งขันทำให้นักเรียนบางคนถอนตัวหรือรางวัลกลบเป้าหมายการเรียนรู้,,T-CHOICE-01,ปานกลาง,meta-analysis พบผลบวกโดยเฉลี่ยแต่ผลต่างกันตามการออกแบบ บริบท และองค์ประกอบเกม,draft
T-CHOICE-01,strategy,Engagement,Choice-based Learning,การให้ตัวเลือกในการเรียนรู้,Task / Product / Process choices,กำหนดเป้าหมายและเกณฑ์ร่วมที่ต่อรองไม่ได้;ให้ตัวเลือกสองถึงสี่แบบที่ใช้ทรัพยากรใกล้กัน;ให้นักเรียนอธิบายเหตุผลและรับผิดชอบตัวเลือกของตน,10,เมนูตัวเลือกงาน,FALSE,FALSE,1,45,ป.1-ม.6,ขั้นสอน,,นักเรียนรู้สึกไม่มีส่วนร่วมและสามารถเลือกวิธีหรือรูปแบบงานภายใต้เป้าหมายเดียวกัน,ตัวเลือกต่างกันด้านความยากจนเกิดความไม่เท่าเทียมหรือมีตัวเลือกมากเกินไป,,T-GAME-01,ปานกลาง,meta-analysis สนับสนุนผลของการให้ตัวเลือกต่อแรงจูงใจและความพยายาม แต่ขนาดผลขึ้นกับชนิดและจำนวนตัวเลือก,draft
