evidence_id,method_ids,study_type,population,topic,quality,effect_direction,effect_size,relation,source_title,source_url,quality_note,status
E-WORKED-01,T-WE-01;T-FADE-01,controlled experiment,นักศึกษาวิศวกรรมผู้เริ่มต้น,worked examples และ fading,ปานกลาง,บวกแบบมีเงื่อนไข,ไม่ระบุในบทคัดย่อ,supports,Optimizing Worked-Example Instruction in Electrical Engineering,https://doi.org/10.1002/j.2168-9830.2009.tb01007.x,ประชากรไม่ใช่นักเรียนไทยและผลขึ้นกับ feedback,draft
E-SCAF-01,T-SCAF-01;T-GRR-01;T-FADE-01,systematic review,ผู้เรียนหลายช่วงวัย,scaffolding ในปฏิสัมพันธ์ครูกับนักเรียน,ปานกลาง,ผสม,ไม่มี pooled effect,mixed,Scaffolding in Teacher-Student Interaction: A Decade of Research,https://doi.org/10.1007/s10648-010-9127-6,ชี้องค์ประกอบสำคัญคือ contingency fading และ transfer of responsibility แต่ผลขึ้นกับบริบท,draft
E-MEM-01,A-RP-02;A-SPACED-01,review,ผู้เรียนหลายช่วงวัย,retrieval practice และ spacing,สูง,บวก,หลายการศึกษา,supports,The science of effective learning with spacing and retrieval practice,https://doi.org/10.1038/s44159-022-00089-1,เป็น review ของหลักฐานสากล ยังไม่ได้ทดสอบซ้ำในบริบทไทย,draft
E-INTER-01,A-INTER-01,controlled experiment,ผู้เรียนวิทยาศาสตร์,interleaved retrieval practice,ปานกลาง,บวก,ไม่ระบุในบทคัดย่อ,supports,Interleaving Retrieval Practice Promotes Science Learning,https://doi.org/10.1177/09567976211057507,หลักฐานตรงด้านวิทยาศาสตร์แต่เป็นการศึกษาจำนวนจำกัด,draft
E-DIALOG-01,T-DIAL-01,randomized controlled trial,นักเรียนประถมในอังกฤษ,dialogic teaching,สูง,บวก,รายงานความก้าวหน้าเฉลี่ยแต่ไม่ใช้เป็น causal claim ในระบบ,supports,Developing dialogic teaching: genesis process trial,https://doi.org/10.1080/02671522.2018.1481140,ต้องใช้การพัฒนาครูและการดำเนินการต่อเนื่อง 20 สัปดาห์,draft
E-PEER-01,T-PTUT-01,evidence synthesis,นักเรียนอายุ 3 ถึง 18 ปี,peer tutoring,สูง,บวก,g 0.50 [0.404 0.595],supports,EEF Teaching and Learning Toolkit: Peer tutoring,https://educationendowmentfoundation.org.uk/education-evidence/teaching-learning-toolkit/peer-tutoring,ความไม่เป็นเนื้อเดียวกันสูงและครูต้องฝึกบทบาทผู้สอน,draft
E-COLLAB-01,T-TPS-01,evidence synthesis,นักเรียนอายุ 3 ถึง 18 ปี,collaborative learning,ต่ำ,บวกโดยเฉลี่ย,g 0.448 [0.357 0.538],supports,EEF Teaching and Learning Toolkit: Collaborative learning approaches,https://educationendowmentfoundation.org.uk/education-evidence/teaching-learning-toolkit/collaborative-learning-approaches,หลักฐานเฉพาะ Think-Pair-Share ไม่ได้แยกจาก collaborative learning ทั้งหมด,draft
E-DIFF-01,T-DIFF-01;T-TIER-01;T-FLEX-01,systematic review,นักเรียนมัธยมศึกษา,differentiated instruction,ปานกลาง,บวกขนาดเล็กถึงปานกลางแต่ผสม,d 0.509 ถึง 0.741 เมื่อไม่นับ outlier,mixed,Differentiated Instruction in Secondary Education: A Systematic Review of Research Evidence,https://pmc.ncbi.nlm.nih.gov/articles/PMC6883934/,มีเพียง 12 การศึกษาและแยกผลของ tiering หรือ flexible grouping โดยลำพังไม่ได้,draft
E-META-01,T-META-01;T-SRL-01,evidence synthesis,นักเรียนหลายช่วงวัย,metacognition และ self-regulation,สูง,บวก,355 studies,supports,EEF Teaching and Learning Toolkit: Metacognition and self-regulation,https://educationendowmentfoundation.org.uk/education-evidence/teaching-learning-toolkit/metacognition-and-self-regulation,ผลขึ้นกับการสอนกลยุทธ์อย่างชัดเจนและฝังในเนื้อหาปกติ,draft
E-GAME-01,T-GAME-01,meta-analysis,ผู้เรียนหลายระดับ,gamification,ปานกลาง,บวกขนาดเล็กถึงปานกลาง,cognitive g 0.49 motivational g 0.36 behavioral g 0.25,mixed,The Gamification of Learning: a Meta-analysis,https://doi.org/10.1007/s10648-019-09498-w,ผลต่างกันตามบริบทและองค์ประกอบเกม ไม่ควรตีความว่า gamification ทุกแบบได้ผล,draft
E-CHOICE-01,T-CHOICE-01,meta-analysis,เด็กและผู้ใหญ่,choice และ intrinsic motivation,ปานกลาง,บวกแบบมีตัวแปรกำกับ,41 studies,supports,The effects of choice on intrinsic motivation and related outcomes,https://doi.org/10.1037/0033-2909.134.2.270,ผลขึ้นกับจำนวนและชนิดของตัวเลือก ไม่ใช่การปล่อยอิสระไม่จำกัด,draft
E-DIRECT-01,T-EI-01,meta-analysis,ผู้เรียนหลายช่วงวัยและหลายวิชา,Direct Instruction curricula,สูง,บวก,328 studies และเกือบ 4000 effects,supports,The Effectiveness of Direct Instruction Curricula: A Meta-Analysis of a Half Century of Research,https://doi.org/10.3102/0034654317751919,เป็นหลักฐานของ Direct Instruction แบบมีองค์ประกอบชัด ไม่ควรเหมารวมกับการบรรยายทุกชนิด,draft
E-CONCEPT-01,T-CCH-01;T-CC-01,meta-analysis,ผู้เรียนวิทยาศาสตร์หลายช่วงวัย,conceptual change และ cognitive conflict,สูง,บวกแต่แตกต่างตามกลยุทธ์,218 studies,mixed,Effectiveness of conceptual change strategies in science education: A meta-analysis,https://doi.org/10.1002/tea.21887,หลักฐานสนับสนุน conceptual change โดยรวม แต่ cognitive conflict ต้องทำให้ความขัดแย้งมีความหมายและไม่รับประกันการเปลี่ยนแนวคิด,draft
E-CMAP-01,T-CM-01,meta-analysis,นักเรียน Grade 3 ถึง 12,concept mapping ในวิทยาศาสตร์,สูง,บวก,g 0.776 พร้อม heterogeneity สูง,supports,The Effectiveness of Concept Maps on Students’ Achievement in Science: A Meta-Analysis,https://doi.org/10.1007/s10648-024-09877-y,ผลเฉลี่ยเป็นบวกแต่ความแตกต่างระหว่างการศึกษาและเงื่อนไขการใช้สูง,draft
E-ARGUE-01,T-CER-01,meta-analysis,ผู้เรียนวิทยาศาสตร์ 879 คน,argumentation ในวิทยาศาสตร์,ปานกลาง,บวก,17 experimental datasets,supports,Effectiveness of argument in science education: a meta-analysis based on the results of 17 experiments,https://doi.org/10.1080/02635143.2025.2527603,จำนวนการศึกษายังไม่มากและบทความระบุว่าฐานหลักฐานยังจำกัด,draft
E-PEERINST-01,T-PI-01,meta-analysis,ผู้เรียนระดับอุดมศึกษา 4738 คน,Peer Instruction,ปานกลาง,บวก,29 studies และ 35 effect sizes,supports,A meta-analysis of the effect of Peer Instruction on learning gain,https://doi.org/10.1016/j.ijer.2017.08.009,ประชากรส่วนใหญ่เป็นอุดมศึกษาและผลมีตัวแปรกำกับด้านวัฒนธรรม จึงต้องทดลองกับมัธยมไทย,draft
E-SOCRATIC-01,T-SQ-01,systematic review,ผู้เรียนคณิตศาสตร์,การถามแบบ Socratic,ต่ำ,บวกเชิงคุณภาพ,15 Scopus-indexed studies,mixed,The Socratic method in mathematics learning: a systematic literature review,https://doi.org/10.3389/feduc.2026.1831645,หลักฐานตรงกับการให้เหตุผลแต่ต่างวิชาและงานส่วนใหญ่ระยะสั้น จึงยังไม่รองรับผลเชิงเหตุและผลในวิทยาศาสตร์ไทย,draft
E-MULTIREP-01,T-MR-01;T-DC-01,systematic review and meta-analysis,ผู้เรียน STEM หลายช่วงวัย,multiple external representations,สูง,ผสม,23 studies และ 139 effects,mixed,The More the Better? A Systematic Review and Meta-Analysis of the Benefits of More than Two External Representations in STEM Education,https://doi.org/10.1007/s10648-024-09958-y,การเพิ่มภาพหรือ representation มากขึ้นไม่ได้ดีกว่าเสมอ ต้องออกแบบการเชื่อมและลำดับให้ผู้เรียนแปลความหมายได้,draft
