ระดับชั้นเรียน,
ป.1,
ป.2,
ป.3,
ป.4,
ป.5,
ป.6,
ม.1,
ม.2,
ม.3,
ม.4,
ม.5,
ม.6,
,
กลุ่มสาระการเรียนรู้วิทยาศาสตร์,
สาระที่ 1 วิทยาศาสตร์ชีวภาพ มาตรฐาน ว ๑.๑ - ว ๑.๓,
สาระที่ 2 วิทยาศาสตร์กายภาพ  มาตรฐาน ว ๒.๑ - ว ๒.๓,
สาระที่ 3 วิทยาศาสตร์โลก เเละอวกาศ  มาตรฐาน ว ๓.๑ - ว ๓.๒,
สาระที่ 4 เทคโนโลยี  มาตรฐาน ว ๔.๑ - ว ๔.๒,
,
กลุ่มสาระการเรียนรู้วิทยาศาสตร์,
สาระที่ 1 วิทยาศาสตร์ชีวภาพ มาตรฐาน ว ๑.๑ - ว ๑.๓,มาตรฐาน ว ๑.๑
,มาตรฐาน ว ๑.๒
,มาตรฐาน ว ๑.๓
สาระที่ 2 วิทยาศาสตร์กายภาพ  มาตรฐาน ว ๒.๑ - ว ๒.๓,มาตรฐาน ว ๒.๑
,มาตรฐาน ว ๒.๒
,มาตรฐาน ว ๒.๓
สาระที่ 3 วิทยาศาสตร์โลก เเละอวกาศ  มาตรฐาน ว ๓.๑ - ว ๓.๒,มาตรฐาน ว ๓.๑
,มาตรฐาน ว ๓.๒
สาระที่ 4 เทคโนโลยี  มาตรฐาน ว ๔.๑ - ว ๔.๒,มาตรฐาน ว ๔.๑
,มาตรฐาน ว ๔.๒
,
ระดับ Bloom Taxonomy ที่ต้องการ,
1. จำ,
2. เข้าใจ,
3. ประยุกต์ใช้,
4. วิเคราะห์,
5. ประเมิน,
6. การสร้างสรรค์,
,
ทักษะที่ต้องการ,
1.Identify / recall scientific knowledge,
2.Apply scientific knowledge,
3.Explain scientifically,
4.Generate / evaluate hypotheses & predictions,
5.Use / construct / evaluate models & representations,
1.Identify scientific questions,
2.Identify variables,
3.Design scientific investigation,
4.Evaluate investigation design,
5.Evaluate reliability / validity of investigation,
1.Read data representations,
2.Transform / translate representations,
3.Interpret data,
4.Identify patterns / relationships,
5.Draw scientific conclusions,
6.Evaluate evidence & conclusions,
1.Identify relevant information,
2.Compare sources / claims,
3.Evaluate credibility / evidence,
4.Evaluate scientific arguments,
5.Make evidence-based decisions,
,
ปัญหานักเรียนที่ต้องการเเก้,
"นักเรียนไม่เข้าใจเนื้อหาพื้นฐาน, ทำงานเองไม่ได้, มีความรู้เดิมไม่เพียงพอ",
"นักเรียนไม่รู้ว่าจะเริ่มแก้โจทย์อย่างไร, ไม่เข้าใจขั้นตอนการแก้ปัญหา",
"นักเรียนยังทำงานที่ซับซ้อนด้วยตนเองไม่ได้, ต้องการความช่วยเหลือระหว่างเรียน",
"นักเรียนพึ่งพาครูมากเกินไป, ยังเปลี่ยนจากการเรียนแบบมีผู้ช่วยไปสู่การทำงานอิสระไม่ได้",
นักเรียนยังพึ่งพา Scaffolding หรือคำแนะนำมากเกินไป,
"จำเนื้อหาไม่ได้, เรียนแล้วลืม, เรียกคืนความรู้เดิมไม่ได้",
"ลืมเนื้อหาเร็ว, จำได้เฉพาะช่วงใกล้สอบ, การเรียนไม่คงทน",
นักเรียนแยกแยะวิธีแก้ปัญหาหรือเลือกวิธีที่เหมาะสมไม่ได้,
"มีความเข้าใจผิดทางวิทยาศาสตร์, ความรู้เดิมขัดกับหลักวิทยาศาสตร์",
นักเรียนมีความเชื่อเดิมที่ไม่สอดคล้องกับหลักฐาน/ปรากฏการณ์จริง,
"นักเรียนเห็นความสัมพันธ์ระหว่างแนวคิดไม่ชัด, ความรู้กระจัดกระจาย",
นักเรียนตอบได้แต่ไม่สามารถใช้หลักฐานสนับสนุนคำตอบหรือให้เหตุผลทางวิทยาศาสตร์,
"นักเรียนคิดวิเคราะห์ไม่ลึก, ตอบตามความจำ, ไม่ตรวจสอบเหตุผลของตนเอง",
"นักเรียนมีส่วนร่วมในการอภิปรายต่ำ, ไม่แลกเปลี่ยนเหตุผล/มุมมอง",
"นักเรียนเข้าใจแนวคิดไม่ตรงกัน, ไม่สามารถอธิบายเหตุผลของคำตอบ",
"นักเรียนบางคนต้องการความช่วยเหลือเพิ่มเติม, ต้องการเรียนรู้ผ่านเพื่อน",
"นักเรียนไม่กล้าแสดงความคิดเห็น, มีส่วนร่วมต่ำ, คิดก่อนอภิปรายไม่เพียงพอ",
นักเรียนมีความสามารถ/ความพร้อม/ความต้องการแตกต่างกันในห้องเดียวกัน,
นักเรียนมีระดับความสามารถแตกต่างกันและงานระดับเดียวไม่เหมาะกับทุกคน,
การจัดกลุ่มแบบเดิมไม่ตอบสนองความแตกต่างของนักเรียน,
"นักเรียนไม่รู้ว่าตนเองเรียนรู้หรือคิดอย่างไร, ไม่ตรวจสอบความเข้าใจของตนเอง",
"นักเรียนบริหารการเรียนของตนเองไม่ได้, ขาดการวางแผน/ติดตาม/ปรับกลยุทธ์",
"แรงจูงใจต่ำ, การมีส่วนร่วมต่ำ, นักเรียนไม่ต่อเนื่องกับกิจกรรม",
"นักเรียนขาดแรงจูงใจหรือ ownership, ความสนใจแตกต่างกัน",
นักเรียนเข้าใจเนื้อหาที่เป็นนามธรรมหรือข้อความจำนวนมากได้ยาก,
"นักเรียนเข้าใจแนวคิดจากรูปแบบเดียวไม่ได้, เชื่อมโยง representation ต่าง ๆ ไม่ได้",
,
Short form,