problem_id,problem_text,major_type,strategy_en,variant,bloom_main,bloom_sub,why_match,method_id
PB-01,"นักเรียนไม่เข้าใจเนื้อหาพื้นฐาน, ทำงานเองไม่ได้, มีความรู้เดิมไม่เพียงพอ",Explicit teaching,Explicit Instruction,Modelling / Guided practice / Independent practice,2. เข้าใจ,"1. จำ, 3. ประยุกต์ใช้",เน้นการสร้างความรู้/ความเข้าใจอย่างเป็นระบบ ก่อนนำไปฝึกใช้,T-EI-01
PB-02,"นักเรียนไม่รู้ว่าจะเริ่มแก้โจทย์อย่างไร, ไม่เข้าใจขั้นตอนการแก้ปัญหา",Explicit teaching,Worked Examples,Full → Partial → Independent,3. ประยุกต์ใช้,2. เข้าใจ,นักเรียนศึกษาวิธีแก้จากตัวอย่างแล้วนำขั้นตอนไปใช้กับโจทย์ใหม่,
PB-03,"นักเรียนยังทำงานที่ซับซ้อนด้วยตนเองไม่ได้, ต้องการความช่วยเหลือระหว่างเรียน",Scaffolding,Instructional Scaffolding,Prompt / Hint / Cue / Model,3. ประยุกต์ใช้,"2. เข้าใจ, 4. วิเคราะห์",ช่วยให้ผู้เรียนสามารถใช้ความรู้ทำงานที่เดิมยังทำเองไม่ได้,
PB-04,"นักเรียนพึ่งพาครูมากเกินไป, ยังเปลี่ยนจากการเรียนแบบมีผู้ช่วยไปสู่การทำงานอิสระไม่ได้",Scaffolding,Gradual Release,I do → We do → You do,3. ประยุกต์ใช้,"2. เข้าใจ, 4. วิเคราะห์",ค่อย ๆ เปลี่ยนจากครูทำ → ทำร่วมกัน → นักเรียนทำเอง,
PB-05,นักเรียนยังพึ่งพา Scaffolding หรือคำแนะนำมากเกินไป,Scaffolding,Fading,High → Low support,3. ประยุกต์ใช้,4. วิเคราะห์,ลดตัวช่วยจนผู้เรียนสามารถนำความรู้ไปใช้ได้อย่างอิสระ,
PB-06,"จำเนื้อหาไม่ได้, เรียนแล้วลืม, เรียกคืนความรู้เดิมไม่ได้",Memory,Retrieval Practice,Free recall / Quiz / Flashcard,1. จำ,2. เข้าใจ,เน้นการดึงข้อมูล/ความรู้จากความจำกลับมาใช้,
PB-07,"ลืมเนื้อหาเร็ว, จำได้เฉพาะช่วงใกล้สอบ, การเรียนไม่คงทน",Memory,Spaced Practice,Distributed review,1. จำ,2. เข้าใจ,การทบทวนแบบเว้นระยะช่วยให้ความรู้คงอยู่และเรียกคืนได้ดีขึ้น,
PB-08,นักเรียนแยกแยะวิธีแก้ปัญหาหรือเลือกวิธีที่เหมาะสมไม่ได้,Memory,Interleaving,Mixed problem types,4. วิเคราะห์,"3. ประยุกต์ใช้, 5. ประเมิน",ต้องจำแนกประเภทโจทย์/สถานการณ์และเลือกวิธีแก้ที่เหมาะสม,
PB-09,"มีความเข้าใจผิดทางวิทยาศาสตร์, ความรู้เดิมขัดกับหลักวิทยาศาสตร์",Conceptual,Conceptual Change,Elicit → Conflict → Reconstruct,4. วิเคราะห์,"2. เข้าใจ, 5. ประเมิน",เปรียบเทียบความเข้าใจเดิมกับหลักฐาน วิเคราะห์ความขัดแย้ง และปรับโครงสร้างความรู้,T-CCH-01
PB-10,นักเรียนมีความเชื่อเดิมที่ไม่สอดคล้องกับหลักฐาน/ปรากฏการณ์จริง,Conceptual,Cognitive Conflict,Prediction → Evidence → Revision,4. วิเคราะห์,"2. เข้าใจ, 5. ประเมิน",กระตุ้นให้เปรียบเทียบความเชื่อเดิมกับผล/หลักฐานที่ขัดแย้งกัน,T-CC-01
PB-11,"นักเรียนเห็นความสัมพันธ์ระหว่างแนวคิดไม่ชัด, ความรู้กระจัดกระจาย",Conceptual,Concept Mapping,Hierarchy / Relationship map,4. วิเคราะห์,"2. เข้าใจ, 6. สร้างสรรค์",วิเคราะห์และจัดความสัมพันธ์ระหว่างแนวคิด และสร้างโครงสร้างความรู้,T-CM-01
PB-12,นักเรียนตอบได้แต่ไม่สามารถใช้หลักฐานสนับสนุนคำตอบหรือให้เหตุผลทางวิทยาศาสตร์,Reasoning,Scientific Argumentation,Claim–Evidence–Reasoning,5. ประเมิน,"4. วิเคราะห์, 6. สร้างสรรค์",ประเมินหลักฐานและข้อกล่าวอ้าง แล้วสร้างข้อโต้แย้งที่มีเหตุผล,T-CER-01
PB-13,"นักเรียนคิดวิเคราะห์ไม่ลึก, ตอบตามความจำ, ไม่ตรวจสอบเหตุผลของตนเอง",Reasoning,Socratic Questioning,Probe / Why / Evidence / Counterexample,4. วิเคราะห์,5. ประเมิน,คำถามต่อเนื่องบังคับให้ตรวจสอบสมมติฐาน เหตุผล และหลักฐาน,T-SQ-01
PB-14,"นักเรียนมีส่วนร่วมในการอภิปรายต่ำ, ไม่แลกเปลี่ยนเหตุผล/มุมมอง",Reasoning,Dialogic Teaching,Question → Response → Discussion,4. วิเคราะห์,5. ประเมิน,การอภิปรายทำให้ผู้เรียนเปรียบเทียบมุมมอง วิเคราะห์เหตุผล และตรวจสอบข้อเสนอ,
PB-15,"นักเรียนเข้าใจแนวคิดไม่ตรงกัน, ไม่สามารถอธิบายเหตุผลของคำตอบ",Collaboration,Peer Instruction,Individual → Peer discussion → Re-answer,2. เข้าใจ,"4. วิเคราะห์, 5. ประเมิน",ต้องอธิบายแนวคิดและเปรียบเทียบเหตุผลกับเพื่อนเพื่อปรับความเข้าใจ,T-PI-01
PB-16,"นักเรียนบางคนต้องการความช่วยเหลือเพิ่มเติม, ต้องการเรียนรู้ผ่านเพื่อน",Collaboration,Peer Tutoring,Tutor–Tutee,2. เข้าใจ,"3. ประยุกต์ใช้, 4. วิเคราะห์",การสอนเพื่อนต้องเข้าใจเนื้อหาและนำความรู้มาอธิบาย/ประยุกต์,
PB-17,"นักเรียนไม่กล้าแสดงความคิดเห็น, มีส่วนร่วมต่ำ, คิดก่อนอภิปรายไม่เพียงพอ",Collaboration,Think-Pair-Share,Think → Pair → Share,4. วิเคราะห์,"2. เข้าใจ, 5. ประเมิน",คิดคำตอบ → แลกเปลี่ยน → เปรียบเทียบเหตุผล → ปรับคำตอบ,
PB-18,นักเรียนมีความสามารถ/ความพร้อม/ความต้องการแตกต่างกันในห้องเดียวกัน,Differentiation,Differentiated Instruction,Content / Process / Product / Support,3. ประยุกต์ใช้,"2. เข้าใจ, 4. วิเคราะห์",ตัว strategy เน้นการปรับ learning task ให้ผู้เรียนสามารถนำความรู้ไปใช้ตามระดับของตน,
PB-19,นักเรียนมีระดับความสามารถแตกต่างกันและงานระดับเดียวไม่เหมาะกับทุกคน,Differentiation,Tiered Tasks,Basic / Intermediate / Advanced,3. ประยุกต์ใช้,4. วิเคราะห์,ปรับความซับซ้อนของงานเพื่อให้ผู้เรียนใช้ความรู้ในระดับที่เหมาะกับตน,
PB-20,การจัดกลุ่มแบบเดิมไม่ตอบสนองความแตกต่างของนักเรียน,Differentiation,Flexible Grouping,regroup ตาม need,4. วิเคราะห์,3. ประยุกต์ใช้,การทำงานกลุ่มเพื่อแก้ปัญหา/อภิปรายมักต้องวิเคราะห์และแลกเปลี่ยนความคิด,
PB-21,"นักเรียนไม่รู้ว่าตนเองเรียนรู้หรือคิดอย่างไร, ไม่ตรวจสอบความเข้าใจของตนเอง",Metacognition,Metacognitive Strategy,Plan / Monitor / Evaluate,5. ประเมิน,4. วิเคราะห์,ผู้เรียนวางแผน ตรวจสอบ และประเมินกระบวนการคิด/การเรียนรู้ของตนเอง,
PB-22,"นักเรียนบริหารการเรียนของตนเองไม่ได้, ขาดการวางแผน/ติดตาม/ปรับกลยุทธ์",Metacognition,Self-Regulated Learning,Goal → Plan → Monitor → Reflect,5. ประเมิน,"4. วิเคราะห์, 3. ประยุกต์ใช้",วางเป้าหมาย ติดตามผล ประเมินตนเอง และปรับกลยุทธ์,
PB-23,"แรงจูงใจต่ำ, การมีส่วนร่วมต่ำ, นักเรียนไม่ต่อเนื่องกับกิจกรรม",Engagement,Gamification,Points / Challenge / Progress,3. ประยุกต์ใช้,"1. จำ, 2. เข้าใจ",ตัวเกมไม่ได้กำหนด cognitive level โดยตรง แต่กิจกรรมเกมมักให้ผู้เรียนฝึกใช้ความรู้,
PB-24,"นักเรียนขาดแรงจูงใจหรือ ownership, ความสนใจแตกต่างกัน",Engagement,Choice-based Learning,Choice of task/process/product,5. ประเมิน,"6. สร้างสรรค์, 3. ประยุกต์ใช้",เมื่อมีการเลือกวิธี/แนวทาง ผู้เรียนต้องประเมินทางเลือก และบางกรณีสร้างผลงานเอง,
PB-25,นักเรียนเข้าใจเนื้อหาที่เป็นนามธรรมหรือข้อความจำนวนมากได้ยาก,Visual / Representation,Dual Coding,Verbal + Visual,2. เข้าใจ,"1. จำ, 3. ประยุกต์ใช้",เชื่อมข้อมูล verbal + visual เพื่อสร้างความเข้าใจและช่วยการเรียกคืน,T-DC-01
PB-26,"นักเรียนเข้าใจแนวคิดจากรูปแบบเดียวไม่ได้, เชื่อมโยง representation ต่าง ๆ ไม่ได้",Visual / Representation,Multiple Representations,Text / Graph / Model / Diagram,4. วิเคราะห์,"2. เข้าใจ, 3. ประยุกต์ใช้",ต้องเชื่อมโยงและเปรียบเทียบ representation หลายรูปแบบ เช่น กราฟ สมการ แบบจำลอง,T-MR-01
