kind,code,label_th,label_en,description,keywords,group
bloom,B1,1. จำ,Remember,สามารถเรียกคืนข้อมูล ข้อเท็จจริง คำศัพท์ หรือความรู้ที่เคยเรียนมา,"บอก, ระบุ, จำแนก, ท่องจำ, นิยาม",
bloom,B2,2. เข้าใจ,Understand,สามารถอธิบายความหมาย ตีความ หรือเชื่อมโยงสิ่งที่เรียนได้,"อธิบาย, สรุป, เปรียบเทียบ, ยกตัวอย่าง, แปลความ",
bloom,B3,3. ประยุกต์ใช้,Apply,สามารถนำความรู้หรือวิธีการที่เรียนไปใช้กับสถานการณ์หรือปัญหาใหม่,"คำนวณ, ใช้สูตร, ใช้วิธีการ, แก้ปัญหา",
bloom,B4,4. วิเคราะห์,Analyze,สามารถแยกข้อมูลออกเป็นส่วน ๆ และพิจารณาความสัมพันธ์หรือโครงสร้างของข้อมูล,"จำแนกส่วนประกอบ, หาความสัมพันธ์, เปรียบเทียบหลักฐาน, วิเคราะห์สาเหตุ",
bloom,B5,5. ประเมิน,Evaluate,สามารถตัดสินคุณค่า ความถูกต้อง หรือความเหมาะสม โดยใช้เกณฑ์หรือหลักฐาน,"ตรวจสอบ, วิจารณ์, ให้เหตุผล, ตัดสิน, ประเมินหลักฐาน",
bloom,B6,6. การสร้างสรรค์,Create,สามารถนำความรู้และองค์ประกอบต่าง ๆ มาผสมผสานเพื่อสร้างแนวคิด วิธีการ หรือผลงานใหม่,"ออกแบบ, สร้าง, วางแผน, เสนอแนวทาง, สร้างสมมติฐาน",
dok,DOK1,DOK 1,Recall & Reproduction,เรียกคืนข้อมูล ข้อเท็จจริง สูตร คำศัพท์ หรือทำขั้นตอนที่คุ้นเคยตามที่เรียนมา,"จำ, ระบุ, บอก, เรียกชื่อ, จับคู่, อ่านค่า, คำนวณตรง ๆ",
dok,DOK2,DOK 2,Skills & Concepts,ต้องใช้ความรู้/ทักษะเพื่อจัดการข้อมูล เปรียบเทียบ จำแนก หรือทำตามกระบวนการที่มีมากกว่าหนึ่งขั้น,"จำแนก, เปรียบเทียบ, จัดกลุ่ม, เชื่อมโยง, สรุป, อธิบายความสัมพันธ์, ใช้ข้อมูล",
dok,DOK3,DOK 3,Strategic Thinking,ต้องใช้การให้เหตุผล วิเคราะห์หลักฐาน วางแผน หรือเลือกวิธีการที่เหมาะสม โดยไม่มีวิธีทำที่ตรงไปตรงมาเพียงวิธีเดียว,"วิเคราะห์, ให้เหตุผล, ประเมินหลักฐาน, อ้างอิงหลักฐาน, อธิบายเชิงเหตุผล, ตั้งสมมติฐาน, วางแผน, เลือกวิธีการ",
dok,DOK4,DOK 4,Extended Thinking,ต้องใช้การคิดอย่างต่อเนื่องและบูรณาการความรู้หลายส่วน อาจต้องวิเคราะห์ข้อมูลหลายชุด วางแผน ดำเนินการ และสร้างข้อสรุป,"บูรณาการ, สืบเสาะ, ออกแบบและดำเนินการ, วิเคราะห์หลายแหล่ง, สร้างแบบจำลอง, แก้ปัญหาจริง, สังเคราะห์",
pisa-domain,A,Explain Phenomena Scientifically,Explain Phenomena Scientifically,,,
pisa-skill,A1,ระบุหรือเรียกใช้ความรู้วิทยาศาสตร์ที่เกี่ยวข้อง,Identify / recall scientific knowledge,ระบุหรือเรียกใช้ความรู้วิทยาศาสตร์ที่เกี่ยวข้อง,,A
pisa-skill,A2,นำความรู้ไปใช้กับสถานการณ์/ปัญหา,Apply scientific knowledge,นำความรู้ไปใช้กับสถานการณ์/ปัญหา,,A
pisa-skill,A3,อธิบายปรากฏการณ์ด้วยหลักการทางวิทยาศาสตร์,Explain scientifically,อธิบายปรากฏการณ์ด้วยหลักการทางวิทยาศาสตร์,,A
pisa-skill,A4,ตั้งสมมติฐาน คาดการณ์ และพิจารณาความสมเหตุสมผล,Generate / evaluate hypotheses & predictions,ตั้งสมมติฐาน คาดการณ์ และพิจารณาความสมเหตุสมผล,,A
pisa-skill,A5,ใช้ สร้าง หรือประเมินแบบจำลอง/representation,Use / construct / evaluate models & representations,ใช้ สร้าง หรือประเมินแบบจำลอง/representation,,A
pisa-domain,B,Scientific Enquiry,Scientific Enquiry,,,
pisa-skill,B1,ระบุคำถามที่สามารถตรวจสอบทางวิทยาศาสตร์ได้,Identify scientific questions,ระบุคำถามที่สามารถตรวจสอบทางวิทยาศาสตร์ได้,,B
pisa-skill,B2,ระบุตัวแปรที่เกี่ยวข้อง,Identify variables,ระบุตัวแปรที่เกี่ยวข้อง,,B
pisa-skill,B3,ออกแบบการสืบเสาะ/การทดลอง,Design scientific investigation,ออกแบบการสืบเสาะ/การทดลอง,,B
pisa-skill,B4,ประเมินว่าการออกแบบเหมาะสมหรือไม่,Evaluate investigation design,ประเมินว่าการออกแบบเหมาะสมหรือไม่,,B
pisa-skill,B5,ประเมินความน่าเชื่อถือ ความถูกต้อง และข้อจำกัดของการสืบเสาะ,Evaluate reliability / validity of investigation,ประเมินความน่าเชื่อถือ ความถูกต้อง และข้อจำกัดของการสืบเสาะ,,B
pisa-domain,C,Data & Evidence,Data & Evidence,,,
pisa-skill,C1,อ่านตาราง กราฟ แผนภาพ,Read data representations,อ่านตาราง กราฟ แผนภาพ,,C
pisa-skill,C2,เปลี่ยนข้อมูลจากรูปแบบหนึ่งไปอีกแบบ,Transform / translate representations,เปลี่ยนข้อมูลจากรูปแบบหนึ่งไปอีกแบบ,,C
pisa-skill,C3,ตีความความหมายของข้อมูล,Interpret data,ตีความความหมายของข้อมูล,,C
pisa-skill,C4,มองหาแนวโน้ม รูปแบบ ความสัมพันธ์,Identify patterns / relationships,มองหาแนวโน้ม รูปแบบ ความสัมพันธ์,,C
pisa-skill,C5,สร้างข้อสรุปจากข้อมูล/หลักฐาน,Draw scientific conclusions,สร้างข้อสรุปจากข้อมูล/หลักฐาน,,C
pisa-skill,C6,ตรวจว่าหลักฐานเพียงพอและสนับสนุนข้อสรุปหรือไม่,Evaluate evidence & conclusions,ตรวจว่าหลักฐานเพียงพอและสนับสนุนข้อสรุปหรือไม่,,C
pisa-domain,D,"Scientific Information, Argument & Decision","Scientific Information, Argument & Decision",,,
pisa-skill,D1,ค้นหา/เลือกข้อมูลที่เกี่ยวข้อง,Identify relevant information,ค้นหา/เลือกข้อมูลที่เกี่ยวข้อง,,D
pisa-skill,D2,เปรียบเทียบข้อมูล แหล่งข้อมูล หรือข้อกล่าวอ้าง,Compare sources / claims,เปรียบเทียบข้อมูล แหล่งข้อมูล หรือข้อกล่าวอ้าง,,D
pisa-skill,D3,ประเมินความน่าเชื่อถือของแหล่งข้อมูล/หลักฐาน,Evaluate credibility / evidence,ประเมินความน่าเชื่อถือของแหล่งข้อมูล/หลักฐาน,,D
pisa-skill,D4,"วิเคราะห์เหตุผล จุดอ่อน assumption, correlation/causation",Evaluate scientific arguments,"วิเคราะห์เหตุผล จุดอ่อน assumption, correlation/causation",,D
pisa-skill,D5,ใช้หลักฐานทางวิทยาศาสตร์ประกอบการตัดสินใจ,Make evidence-based decisions,ใช้หลักฐานทางวิทยาศาสตร์ประกอบการตัดสินใจ,,D
